repetition,scheme,alpha,beta,n_in_sample,risk_adjusted_objective_in_sample_eur,full_sample_expected_profit_eur,full_sample_cvar_profit_eur,full_sample_std_profit_eur,solve_time_s,variables,constraints,mean_offer_mw,min_offer_mw,max_offer_mw,both_delta_variables_active_count
1,one-price,0.9,0.0,200,1015996.517023739,1003703.9288620896,467719.9035425892,297565.35043586494,0.0004375540011096746,225,200,229.16666666666666,0.0,500.0,
1,two-price,0.9,0.0,200,928731.9986684639,916847.4471632239,425756.7131755829,273197.4998295199,0.05311414600873832,9825,5000,316.5642084790632,0.0,500.0,18.0
1,one-price,0.9,0.5,200,749116.3444998399,1003703.9288620896,467719.9035425892,297565.35043586494,0.0010446689993841574,225,200,229.16666666666666,0.0,500.0,
1,two-price,0.9,0.5,200,683200.8850720605,916618.8415558478,425807.69353549444,272920.62910756236,0.08347838099871296,9825,5000,313.0813301750189,0.0,500.0,18.0
1,one-price,0.9,0.8,200,589019.1922983069,1002534.5788611523,467690.4505343982,296912.84767478326,0.0010018969915108755,225,200,250.0,0.0,500.0,
1,two-price,0.9,0.8,200,535963.902271042,916456.978936494,425892.1732286865,272605.98189826874,0.06896768399747089,9825,5000,322.4813994267576,0.0,500.0,18.0
1,one-price,0.9,1.0,200,482620.46259594103,999688.4038699024,466067.94963756966,296422.83576206886,0.0010983399988617748,225,200,270.8333333333333,0.0,500.0,
1,two-price,0.9,1.0,200,437887.59498386935,915896.0251456987,425802.52980243944,272309.8410110627,0.03038860201195348,9825,5000,303.4285128124609,0.0,417.203778126001,43.0
2,one-price,0.9,0.0,200,1044495.3839827665,1003703.9288620896,467719.9035425892,297565.35043586494,0.0004239489935571328,225,200,229.16666666666666,0.0,500.0,
2,two-price,0.9,0.0,200,952898.8646717924,916819.9242851839,425774.9296917611,273132.23003405286,0.05536331499752123,9825,5000,316.34185018804243,0.0,500.0,14.0
2,one-price,0.9,0.5,200,761282.4618207829,1003703.9288620896,467719.9035425892,297565.35043586494,0.0010759969882201403,225,200,229.16666666666666,0.0,500.0,
2,two-price,0.9,0.5,200,693981.7685638159,916762.8960978475,425897.81941355934,272993.7192705254,0.07685941499948967,9825,5000,326.2833494630948,0.0,500.0,14.0
2,one-price,0.9,0.8,200,591354.7085235928,1003703.9288620896,467719.9035425892,297565.35043586494,0.0010163749975617975,225,200,229.16666666666666,0.0,500.0,
2,two-price,0.9,0.8,200,538741.4336477,916520.4836684394,425954.1585959738,272728.7544433754,0.06332600800669752,9825,5000,334.6027269125605,0.0,500.0,14.0
2,one-price,0.9,1.0,200,478371.93283404264,999012.0171400951,465422.6124472508,296701.27628222597,0.0010357209976064041,225,200,187.51841093540926,0.0,500.0,
2,two-price,0.9,1.0,200,435376.0456418505,916131.0407630104,425884.1833914168,272374.231592284,0.024585460996604525,9825,5000,302.1911747935074,0.0,425.154217314395,34.0
3,one-price,0.9,0.0,200,1027428.565390821,1003703.9288620896,467719.9035425892,297565.35043586494,0.0004383859923109412,225,200,229.16666666666666,0.0,500.0,
3,two-price,0.9,0.0,200,937656.9474508318,916796.8116257685,425774.77107529965,273104.3696221795,0.05468217399902642,9825,5000,315.333894963087,0.0,500.0,10.0
3,one-price,0.9,0.5,200,746531.4728493805,1003703.9288620896,467719.9035425892,297565.35043586494,0.001070186001015827,225,200,229.16666666666666,0.0,500.0,
3,two-price,0.9,0.5,200,681649.5544701089,916619.0846288529,425893.9573565967,272800.44134963065,0.09279945900198072,9825,5000,322.55913717620757,0.0,500.0,10.0
3,one-price,0.9,0.8,200,577999.3176278872,1001461.1761047677,466022.5924143529,297192.9573049517,0.0011077070084866136,225,200,209.32445093327655,0.0,500.0,
3,two-price,0.9,0.8,200,528129.5976117044,916436.1877299495,425869.9926067665,272660.1241970171,0.07810907199745998,9825,5000,307.9795106854513,0.0,500.0,10.0
3,one-price,0.9,1.0,200,466294.18819774484,996837.3232338466,463158.2897470437,296371.41286464874,0.0010911560093518347,225,200,200.57690907618493,0.0,500.0,
3,two-price,0.9,1.0,200,425846.55142751307,915641.1220960078,425635.80903368164,272229.09450794355,0.03060227799869608,9825,5000,297.76756195868774,0.0,408.235256192813,32.0
4,one-price,0.9,0.0,200,997823.2275501263,1003703.9288620896,467719.9035425892,297565.35043586494,0.00040833899402059615,225,200,229.16666666666666,0.0,500.0,
4,two-price,0.9,0.0,200,911479.8224065969,916824.8419863362,425679.14876317827,273261.45430078666,0.05202627199469134,9825,5000,316.9573580704658,0.0,500.0,30.0
4,one-price,0.9,0.5,200,727357.1975967659,1003703.9288620896,467719.9035425892,297565.35043586494,0.0010746250045485795,225,200,229.16666666666666,0.0,500.0,
4,two-price,0.9,0.5,200,663615.0483629256,916811.2957489064,425874.4493268935,273026.5441200449,0.08198681999056134,9825,5000,326.64893557120905,0.0,500.0,30.0
4,one-price,0.9,0.8,200,565351.0465999837,1000244.0851030272,465609.31270842406,297095.44804453506,0.0010724710009526461,225,200,250.0,0.0,500.0,
4,two-price,0.9,0.8,200,515093.537479749,916432.929939709,425960.6126346756,272514.190417973,0.0699408649961697,9825,5000,306.91764999135466,0.0,500.0,30.0
4,one-price,0.9,1.0,200,458294.82464389334,999074.7351020898,465577.46817717404,296442.56947079935,0.001088181001250632,225,200,270.8333333333333,0.0,500.0,
4,two-price,0.9,1.0,200,416181.9238138714,915520.974302069,425925.8634193473,271867.52249812754,0.035218535995227285,9825,5000,290.0704204473379,0.0,408.235256192813,52.0
5,one-price,0.9,0.0,200,1023533.8873354387,1003703.9288620896,467719.9035425892,297565.35043586494,0.00040216700290329754,225,200,229.16666666666666,0.0,500.0,
5,two-price,0.9,0.0,200,935461.9689803534,916822.9513370314,425599.902039301,273321.0767780874,0.05074859601154458,9825,5000,319.657735992817,0.0,500.0,28.0
5,one-price,0.9,0.5,200,743234.8688288694,1003703.9288620896,467719.9035425892,297565.35043586494,0.0011071159970015287,225,200,229.16666666666666,0.0,500.0,
5,two-price,0.9,0.5,200,677286.3804225615,916757.2542557174,425936.0738789827,272998.8853990935,0.08626501398975961,9825,5000,313.46416453159486,0.0,500.0,28.0
5,one-price,0.9,0.8,200,575055.457724928,1003703.9288620896,467719.9035425892,297565.35043586494,0.0010427950037410483,225,200,229.16666666666666,0.0,500.0,
5,two-price,0.9,0.8,200,522577.70344238274,916606.5197362885,425961.72845599166,272867.08110283146,0.06858114599890541,9825,5000,310.8179445801497,0.0,500.0,28.0
5,one-price,0.9,1.0,200,463259.4722054253,997688.6882402147,463117.10234991333,296887.33747807104,0.001053766012773849,225,200,208.33333333333334,0.0,500.0,
5,two-price,0.9,1.0,200,419697.74101532204,914735.4286513657,425410.5705344969,271816.8287089592,0.030897365999408066,9825,5000,293.28668854691927,0.0,398.0969175997825,44.0
