,0,1,2,3,4,5,6,7,8,9,10,11,12,13,14,15,16,17,18,19,20,21,22,23,24,25,26,27,28,29
h00,281.686628322303,381.27770163867046,320.703136304969,360.88556366511597,315.9767302511965,342.267644328639,327.3736340694395,334.75045983005555,325.489255059438,218.70933702918998,297.0150288909405,307.3541441479975,378.215170524105,376.703154150258,353.048170251434,338.7616035673175,326.8520780771335,376.889929288505,138.6494270417915,328.3250127665765,355.300733428628,358.627449101261,343.76623256381697,338.339314882203,341.0477775540475,276.483803303362,282.05332693264853,346.5959742129785,335.339296065335,311.0017034076555
h01,278.2135076643475,408.235256192813,357.066342142232,366.12345331754796,351.843036555056,359.897566061169,347.6263584652395,339.9989930503715,304.3909350724655,286.2336889194675,276.62782295253203,328.001590976934,407.93486775013747,425.154217314395,373.07750818411,350.6525823133955,348.193423922682,398.0969175997825,255.8078105702245,348.4469355331445,359.6321346895705,364.8553925502845,368.2500730243565,358.4812056806435,339.196656968459,340.957638723833,284.19581422853804,359.434881493496,356.2413400679555,284.17389822138
h02,310.032085751555,384.33544098292947,367.1329640709075,379.76836006574797,356.1183070242585,353.676692223706,353.81941638882046,354.7538880357485,323.787159944567,237.960808449426,292.930706976282,369.8665591229095,386.07527681139754,407.0275211790975,381.1054581776455,337.1572206210015,373.622918785595,390.0856876019925,183.620850330129,365.073969366627,352.053474759487,370.257223799538,357.2481268660675,367.1848008647895,367.9093053548735,365.1526046886755,342.00902368083604,352.403264185708,355.6997150998535,195.07595951743352
h03,282.952420155072,383.765270456176,392.1758278404555,394.4024098398295,377.100637411201,373.192149812136,356.04751228069796,351.9664700317145,317.12331590485996,301.3889593222495,347.8623226195575,365.46593088466153,388.0039852935095,405.22109472856,367.15847326163,379.4222707259395,366.9357427209485,395.694639910317,295.81851390318997,376.182107748964,358.0078338923885,365.19960589566455,352.8887017207265,379.03298321401354,355.45284984678347,358.69500490906955,351.2033101745855,380.8678356187525,357.3672583801835,285.2599732767725
h04,331.4812886652175,354.800687757159,383.8162218833365,388.785850041515,361.99005226926,384.672869055315,358.575385573837,362.95574163112747,344.501374482652,334.984715631272,388.822082433883,352.73371372165553,453.07702139950004,383.088505299735,370.955121460191,367.205991272293,383.43718505527005,389.622688144856,291.2853557083635,365.5921665141465,371.25323440076954,348.7186220702345,325.26167944329296,381.53387858364204,352.1879263715135,337.0474287699535,370.4407307776075,381.602634765649,372.01885772337,315.610304631806
h05,336.023878535563,366.71597783593154,370.222541566702,372.5691852937855,346.647837704237,383.3389454581735,364.641226576517,350.879291024492,373.464192157298,304.4035847346005,381.53420439518845,334.6979924309605,439.3221194294155,374.719997030667,384.292987509958,367.29537080747696,392.804860450589,385.93577180995,301.1525576459985,340.9133613232685,367.90312089148404,324.6548472584605,314.8158049765645,387.625553618737,356.564852663762,354.8877354631385,390.360200350313,354.02155516133047,365.9897589610395,360.536052091513
h06,341.7778578450245,356.772465644274,360.67006281984146,384.916559721556,365.85047597474704,377.565587286619,364.1132962779015,368.5127118313165,378.8515341785755,301.4550678254225,385.7342929024495,369.64261805600603,443.418408524451,370.3112768593545,392.538049706296,376.0870370995805,376.491608299387,391.40907860143295,286.9958356270745,347.455059211058,373.2981579642145,360.062567158222,245.54931950175248,392.342518390982,360.5711937537255,360.31808500612,356.4232999070495,380.100365576542,378.215877712821,365.9686555795285
h07,345.3407240377235,377.54132479949146,346.8825128251425,386.7039337716785,373.92013866073995,384.9578098541785,374.2785467691675,361.19805926206897,376.176800931155,307.16429165731154,379.9067249530605,375.4801571738855,433.71936374440503,375.4089739544585,391.820312701846,362.4032025217065,385.51201496847096,387.0337489806875,336.4706659669675,351.53305533204247,388.3227573166995,345.97043279953147,307.7561625206685,384.52317861117854,377.7755362161285,370.79371543485803,323.43435281781,376.011756419282,380.707019855618,380.7336762803965
h08,353.09770497333596,376.122067711333,372.713718449773,396.450276921117,381.198907221291,390.7477190996525,359.1558007463305,350.4737866344575,399.3501192475935,337.0551892779295,378.4956893612635,372.57860244692546,400.4603809141495,370.06289057638804,382.7017497678775,348.561635421658,379.024636540529,367.699502351838,271.2152302911245,357.0146830856055,372.263701830374,344.691125220078,299.029864343893,380.46836124758596,362.50743961154103,343.82725419802404,365.925373500743,377.240144179575,393.602919550109,379.896387245048
h09,327.970430008938,358.449517621367,380.4047495180185,392.1074103570315,390.31132786706354,383.45694446900103,380.3086162259125,364.8512433215555,422.9840885068715,367.515374931378,386.7067225058275,394.25212346648505,436.735019606268,373.38316042679946,370.904347039511,356.859503080021,375.190738565201,367.440375776576,273.4344545367155,343.7447257350505,361.5063022670665,315.8624786512895,339.754012989329,382.6900534131935,328.44336271522053,314.1843591917475,350.3901375558885,357.57560774466754,417.671279489467,398.725651478109
h10,342.005770113675,356.4730494127275,369.18004099048153,392.630998852986,394.197271275265,399.126419465771,362.21764497186547,364.91353177675103,402.5307794813055,378.6201526906005,380.51794075794146,401.787414745216,401.47910594731803,384.544799084985,381.113800954515,383.3519453188275,394.401253112691,352.95216684709453,302.643422945323,349.33782631329854,374.895577664973,353.3534347262865,341.24293090825,378.6974146114845,351.98902685996654,333.3825555180565,374.008807703111,339.640006852178,453.244310270962,374.565993734823
h11,350.9542545815975,364.98436152770455,378.6576105317865,378.8105817407175,374.159005057251,391.0591015297375,345.81882499730597,364.9166894555625,403.0763223069625,397.06324952628,376.913803383799,417.203778126001,401.753951622478,382.707235863942,386.3004584012985,374.646347335063,407.030565142468,340.1081889331945,230.94496931586,329.1679501781385,355.79894708590746,334.47966538817445,334.629054991223,367.9222758136205,361.3778156263615,351.752501410006,396.71404368865797,340.624105500297,402.6283715656995,357.2009607662085
h12,353.711719469256,358.230803760364,359.5886604214995,377.186123465781,346.0404355912445,382.7017646458515,354.6695899774665,353.5358632338415,388.2265383479985,386.725180191767,353.57177723163153,420.69209695209645,388.9252537055055,334.0448727904045,348.2810256595165,360.58036693572546,438.8434650588225,332.96120559569,266.8094487645135,279.7812708179635,356.224486064821,303.622126265933,314.2581195563725,349.68005431596697,328.0191081124025,359.2446768726345,392.68362614145104,359.130309687458,428.8713744942075,358.984563221602
h13,352.566802429096,369.35550096363653,376.710833586197,388.778401888004,360.8635068367975,390.140407686733,342.14474911842353,336.61902383791147,367.1973673439905,393.44975117498296,381.1096826857945,387.07469429118754,383.2583639081735,369.049587369642,344.6040301143825,378.358955968673,392.3993829031795,371.875672190251,286.03465426226296,283.23562334029003,357.1713807211625,271.8664736400575,333.1984661772405,365.767662963077,296.4826225554825,356.4832319723305,373.634513182997,355.5990544964075,431.031134762165,370.1015452305255
h14,372.39821781301305,381.6350532098415,336.00869508491496,442.42172591349896,367.020072739996,396.6289523342,351.54182913083446,294.9754971962115,371.58657301724503,447.2594613462665,388.5046678352825,397.8685089940585,447.137346643531,378.99052790181446,358.623941197864,379.736117308149,389.16219650535,374.75272551226954,291.55619221319154,338.421272763542,357.41366263734346,282.787671921367,332.3907787113355,366.7756483056625,311.51940576517103,372.3428514693435,367.5650016943235,349.339212446813,435.88009020999704,379.02960943161304
h15,381.5275429033165,379.390515030459,352.0909700300595,395.45562670707,353.08077126222946,412.36201543650304,359.3130154260255,298.142966480706,343.3476480088755,457.310594572289,363.36727974919603,396.294259810654,433.6201361969495,400.801907586922,308.399860118832,379.44498161374304,389.664802115074,374.300475435306,320.6591291784105,331.851756567615,333.4501239362125,244.293876951782,331.45126753100953,380.623003075654,344.4864015498535,363.3690935342185,380.9670791804725,325.24810295232896,447.872502085098,332.263080207923
h16,363.77451186320195,388.3293504429955,367.455691014966,410.578365160501,367.70580273735897,398.214075297744,348.8078927208915,315.6109608799425,375.4876138696075,433.24438837434496,378.53617054019,401.85070732517505,405.6335734779945,436.3258633207115,296.099091901136,395.0160770971715,403.071484738469,372.427065118845,281.71819261652246,362.3993255753395,306.9823925876775,292.193969724317,342.997795310567,377.360566798889,338.3226874345225,364.504160596936,396.48880930263755,309.473365921484,425.33297691056447,327.517875288602
h17,347.9316625169085,368.392339592523,381.675833798342,403.225102437911,358.8871415810575,384.061372579515,361.46453327968953,248.97477632808952,372.24261044090304,422.110932959622,379.64750851287897,408.315594276796,386.58421353717995,419.11573484590696,339.1913138579885,403.611479657612,406.1171635084555,374.4106393347945,251.778476369804,357.289719110233,271.13369133390603,247.8673808907865,252.11922791275248,372.7636678883945,261.42232221689346,400.18637984606,378.4393869760735,290.0840369985935,401.31415965572046,312.778379005468
h18,362.3763977327535,388.089160011686,365.14441396033595,391.6279393334665,369.8067669663845,407.1803764480475,353.71845529790255,273.907307495883,359.600619487161,428.76623796039746,369.6860098357755,418.523174585613,408.842283472408,423.05539634061853,314.9629713019695,426.24443832881497,407.883939161166,368.17199528807197,270.668293606424,367.00634737381097,312.9500776659025,309.67192433700353,332.340736248699,356.91652363260204,244.861797407682,380.578150840175,365.057040071095,214.843561596357,401.518031638237,347.86738850555747
h19,385.8736343914805,397.1712328349775,382.78945616107853,388.68235587352,369.863919220803,413.7015863053105,388.453856797345,274.94058740077446,341.6081472852685,497.111443858125,378.435263262804,412.3644098056435,400.1105488987375,449.62919240543,274.992126289539,488.238200489139,413.44521807446,368.38705449842,243.217115798047,388.95970768319546,341.3183702384835,370.8654598811765,366.2967699817375,378.83569250101203,343.4516697552745,378.142019037158,341.19075196362854,252.6542711195045,378.01315535403853,196.90603071569402
h20,412.178315643747,408.183272062476,381.87546808463503,372.9541054503655,382.9458344348095,407.754215653055,372.0656411528075,225.58840000224,380.85885590512,469.29858790569,385.2396182613405,416.463882691043,406.23368795398903,419.5719421062935,260.7030325501895,426.181185267825,425.2574907537365,357.85333092828,242.7397793869495,389.8091245218395,354.03059840511247,352.174005343335,376.79925628947245,384.2485888116575,364.6249800154465,414.8770771567435,362.0209006430145,331.8918419377685,386.1895751030745,278.8084446590105
h21,391.442716364354,449.9158890385095,364.9378026354505,375.5002777070955,375.1659899366375,419.41242151639455,383.4804824267255,212.783124776075,404.367768120069,494.650649642923,390.175681252802,405.420700910162,386.9666218431475,412.893355792195,346.421879719932,400.6379210427575,472.351937953657,378.18257170522253,358.488101287025,380.370692805336,374.51029175772646,330.5527244392585,357.4655674148285,385.38876291126303,355.638644321986,422.31170075262804,333.5529107778615,263.99426748160647,382.224792680707,323.839299873821
h22,407.54045922878953,406.582593466684,309.57748626428,368.1625019157455,362.258581739165,418.9378463022435,375.3070695172405,310.9814265916275,395.13768186464546,416.6742354582975,372.7597105574675,394.02798962922395,373.0105589399655,421.167883726968,363.0123789448115,378.155700885221,456.0597987430195,371.137616255515,230.48674933747048,395.4398495114285,382.057881737152,352.2078957778005,261.16298601418805,363.0005930874795,354.50709617805995,399.156504352911,333.814397096997,312.0628998718215,347.86770647676303,375.8195521872745
h23,375.988472998675,389.4476547502195,290.745233236703,341.829572161787,343.7722036690615,350.077862857753,372.333954503332,292.312525686433,394.846611955959,389.1717005700525,335.068140172194,393.48311713893804,333.9126639958065,369.375981097801,350.4086891613735,356.26170666685346,425.222013549287,353.425641364025,284.7631177500365,396.54891448721753,343.8162835270995,306.510087007773,307.239228501296,318.5724470663785,332.563576847145,365.5293724447415,331.3714648176425,238.5151101782605,370.50302667728454,353.335753980055
