,h00,h01,h02,h03,h04,h05,h06,h07,h08,h09,h10,h11,h12,h13,h14,h15,h16,h17,h18,h19,h20,h21,h22,h23
wind_0,281.686628322303,278.2135076643475,310.032085751555,282.952420155072,331.4812886652175,336.023878535563,341.7778578450245,345.3407240377235,353.09770497333596,327.970430008938,342.005770113675,350.9542545815975,353.711719469256,352.566802429096,372.39821781301305,381.5275429033165,363.77451186320195,347.9316625169085,362.3763977327535,385.8736343914805,412.178315643747,391.442716364354,407.54045922878953,375.988472998675
wind_1,381.27770163867046,408.235256192813,384.33544098292947,383.765270456176,354.800687757159,366.71597783593154,356.772465644274,377.54132479949146,376.122067711333,358.449517621367,356.4730494127275,364.98436152770455,358.230803760364,369.35550096363653,381.6350532098415,379.390515030459,388.3293504429955,368.392339592523,388.089160011686,397.1712328349775,408.183272062476,449.9158890385095,406.582593466684,389.4476547502195
wind_2,320.703136304969,357.066342142232,367.1329640709075,392.1758278404555,383.8162218833365,370.222541566702,360.67006281984146,346.8825128251425,372.713718449773,380.4047495180185,369.18004099048153,378.6576105317865,359.5886604214995,376.710833586197,336.00869508491496,352.0909700300595,367.455691014966,381.675833798342,365.14441396033595,382.78945616107853,381.87546808463503,364.9378026354505,309.57748626428,290.745233236703
wind_3,360.88556366511597,366.12345331754796,379.76836006574797,394.4024098398295,388.785850041515,372.5691852937855,384.916559721556,386.7039337716785,396.450276921117,392.1074103570315,392.630998852986,378.8105817407175,377.186123465781,388.778401888004,442.42172591349896,395.45562670707,410.578365160501,403.225102437911,391.6279393334665,388.68235587352,372.9541054503655,375.5002777070955,368.1625019157455,341.829572161787
wind_4,315.9767302511965,351.843036555056,356.1183070242585,377.100637411201,361.99005226926,346.647837704237,365.85047597474704,373.92013866073995,381.198907221291,390.31132786706354,394.197271275265,374.159005057251,346.0404355912445,360.8635068367975,367.020072739996,353.08077126222946,367.70580273735897,358.8871415810575,369.8067669663845,369.863919220803,382.9458344348095,375.1659899366375,362.258581739165,343.7722036690615
wind_5,342.267644328639,359.897566061169,353.676692223706,373.192149812136,384.672869055315,383.3389454581735,377.565587286619,384.9578098541785,390.7477190996525,383.45694446900103,399.126419465771,391.0591015297375,382.7017646458515,390.140407686733,396.6289523342,412.36201543650304,398.214075297744,384.061372579515,407.1803764480475,413.7015863053105,407.754215653055,419.41242151639455,418.9378463022435,350.077862857753
wind_6,327.3736340694395,347.6263584652395,353.81941638882046,356.04751228069796,358.575385573837,364.641226576517,364.1132962779015,374.2785467691675,359.1558007463305,380.3086162259125,362.21764497186547,345.81882499730597,354.6695899774665,342.14474911842353,351.54182913083446,359.3130154260255,348.8078927208915,361.46453327968953,353.71845529790255,388.453856797345,372.0656411528075,383.4804824267255,375.3070695172405,372.333954503332
wind_7,334.75045983005555,339.9989930503715,354.7538880357485,351.9664700317145,362.95574163112747,350.879291024492,368.5127118313165,361.19805926206897,350.4737866344575,364.8512433215555,364.91353177675103,364.9166894555625,353.5358632338415,336.61902383791147,294.9754971962115,298.142966480706,315.6109608799425,248.97477632808952,273.907307495883,274.94058740077446,225.58840000224,212.783124776075,310.9814265916275,292.312525686433
wind_8,325.489255059438,304.3909350724655,323.787159944567,317.12331590485996,344.501374482652,373.464192157298,378.8515341785755,376.176800931155,399.3501192475935,422.9840885068715,402.5307794813055,403.0763223069625,388.2265383479985,367.1973673439905,371.58657301724503,343.3476480088755,375.4876138696075,372.24261044090304,359.600619487161,341.6081472852685,380.85885590512,404.367768120069,395.13768186464546,394.846611955959
wind_9,218.70933702918998,286.2336889194675,237.960808449426,301.3889593222495,334.984715631272,304.4035847346005,301.4550678254225,307.16429165731154,337.0551892779295,367.515374931378,378.6201526906005,397.06324952628,386.725180191767,393.44975117498296,447.2594613462665,457.310594572289,433.24438837434496,422.110932959622,428.76623796039746,497.111443858125,469.29858790569,494.650649642923,416.6742354582975,389.1717005700525
wind_10,297.0150288909405,276.62782295253203,292.930706976282,347.8623226195575,388.822082433883,381.53420439518845,385.7342929024495,379.9067249530605,378.4956893612635,386.7067225058275,380.51794075794146,376.913803383799,353.57177723163153,381.1096826857945,388.5046678352825,363.36727974919603,378.53617054019,379.64750851287897,369.6860098357755,378.435263262804,385.2396182613405,390.175681252802,372.7597105574675,335.068140172194
wind_11,307.3541441479975,328.001590976934,369.8665591229095,365.46593088466153,352.73371372165553,334.6979924309605,369.64261805600603,375.4801571738855,372.57860244692546,394.25212346648505,401.787414745216,417.203778126001,420.69209695209645,387.07469429118754,397.8685089940585,396.294259810654,401.85070732517505,408.315594276796,418.523174585613,412.3644098056435,416.463882691043,405.420700910162,394.02798962922395,393.48311713893804
wind_12,378.215170524105,407.93486775013747,386.07527681139754,388.0039852935095,453.07702139950004,439.3221194294155,443.418408524451,433.71936374440503,400.4603809141495,436.735019606268,401.47910594731803,401.753951622478,388.9252537055055,383.2583639081735,447.137346643531,433.6201361969495,405.6335734779945,386.58421353717995,408.842283472408,400.1105488987375,406.23368795398903,386.9666218431475,373.0105589399655,333.9126639958065
wind_13,376.703154150258,425.154217314395,407.0275211790975,405.22109472856,383.088505299735,374.719997030667,370.3112768593545,375.4089739544585,370.06289057638804,373.38316042679946,384.544799084985,382.707235863942,334.0448727904045,369.049587369642,378.99052790181446,400.801907586922,436.3258633207115,419.11573484590696,423.05539634061853,449.62919240543,419.5719421062935,412.893355792195,421.167883726968,369.375981097801
wind_14,353.048170251434,373.07750818411,381.1054581776455,367.15847326163,370.955121460191,384.292987509958,392.538049706296,391.820312701846,382.7017497678775,370.904347039511,381.113800954515,386.3004584012985,348.2810256595165,344.6040301143825,358.623941197864,308.399860118832,296.099091901136,339.1913138579885,314.9629713019695,274.992126289539,260.7030325501895,346.421879719932,363.0123789448115,350.4086891613735
wind_15,338.7616035673175,350.6525823133955,337.1572206210015,379.4222707259395,367.205991272293,367.29537080747696,376.0870370995805,362.4032025217065,348.561635421658,356.859503080021,383.3519453188275,374.646347335063,360.58036693572546,378.358955968673,379.736117308149,379.44498161374304,395.0160770971715,403.611479657612,426.24443832881497,488.238200489139,426.181185267825,400.6379210427575,378.155700885221,356.26170666685346
wind_16,326.8520780771335,348.193423922682,373.622918785595,366.9357427209485,383.43718505527005,392.804860450589,376.491608299387,385.51201496847096,379.024636540529,375.190738565201,394.401253112691,407.030565142468,438.8434650588225,392.3993829031795,389.16219650535,389.664802115074,403.071484738469,406.1171635084555,407.883939161166,413.44521807446,425.2574907537365,472.351937953657,456.0597987430195,425.222013549287
wind_17,376.889929288505,398.0969175997825,390.0856876019925,395.694639910317,389.622688144856,385.93577180995,391.40907860143295,387.0337489806875,367.699502351838,367.440375776576,352.95216684709453,340.1081889331945,332.96120559569,371.875672190251,374.75272551226954,374.300475435306,372.427065118845,374.4106393347945,368.17199528807197,368.38705449842,357.85333092828,378.18257170522253,371.137616255515,353.425641364025
wind_18,138.6494270417915,255.8078105702245,183.620850330129,295.81851390318997,291.2853557083635,301.1525576459985,286.9958356270745,336.4706659669675,271.2152302911245,273.4344545367155,302.643422945323,230.94496931586,266.8094487645135,286.03465426226296,291.55619221319154,320.6591291784105,281.71819261652246,251.778476369804,270.668293606424,243.217115798047,242.7397793869495,358.488101287025,230.48674933747048,284.7631177500365
wind_19,328.3250127665765,348.4469355331445,365.073969366627,376.182107748964,365.5921665141465,340.9133613232685,347.455059211058,351.53305533204247,357.0146830856055,343.7447257350505,349.33782631329854,329.1679501781385,279.7812708179635,283.23562334029003,338.421272763542,331.851756567615,362.3993255753395,357.289719110233,367.00634737381097,388.95970768319546,389.8091245218395,380.370692805336,395.4398495114285,396.54891448721753
