h00,h01,h02,h03,h04,h05,h06,h07,h08,h09,h10,h11,h12,h13,h14,h15,h16,h17,h18,h19,h20,h21,h22,h23
60.2000009375,42.9292510625,64.356250625,63.424998437499994,42.117500424999996,60.837500000000006,61.196875937499996,63.043749375,42.0133756375,19.394875,13.183499999999999,15.534375,14.496875,15.496875,15.300000424999999,28.283751062500002,93.54062562500002,88.1960002125,137.753124375,125.9031271875,112.693750625,69.1177489375,93.2874965625,85.17812375
60.2000009375,42.9292510625,43.762250425,43.1289989375,42.117500424999996,60.837500000000006,61.196875937499996,63.043749375,42.0133756375,19.394875,13.183499999999999,10.563375,9.857875,10.537875,15.300000424999999,41.5937515625,63.60762542500001,129.7000003125,137.753124375,85.6141264875,112.693750625,101.6437484375,63.4354976625,57.92112415
60.2000009375,42.9292510625,43.762250425,43.1289989375,61.937500625,60.837500000000006,61.196875937499996,63.043749375,42.0133756375,28.521874999999998,13.183499999999999,10.563375,14.496875,10.537875,22.500000625,41.5937515625,93.54062562500002,129.7000003125,137.753124375,85.6141264875,76.63175042499999,69.1177489375,63.4354976625,57.92112415
60.2000009375,42.9292510625,43.762250425,43.1289989375,42.117500424999996,60.837500000000006,61.196875937499996,63.043749375,61.7843759375,19.394875,19.3875,10.563375,9.857875,10.537875,22.500000625,28.283751062500002,63.60762542500001,129.7000003125,93.672124575,125.9031271875,76.63175042499999,69.1177489375,63.4354976625,85.17812375
81.403124375,56.896875,86.2500025,86.9593759375,62.9255006375,105.7999996875,124.5531246875,170.5937528125,107.457,89.21175170000001,83.176749575,125.58125000000001,123.11562531250001,112.346875625,75.278125,75.24624978749999,136.437501875,147.477125425,235.0,181.984379375,136.98124906249998,82.3756239375,120.44062374999999,111.11875062499999
81.403124375,56.896875,58.6500017,59.13237563749999,62.9255006375,105.7999996875,124.5531246875,170.5937528125,107.457,89.21175170000001,83.176749575,85.39525,83.7186252125,76.395875425,75.278125,110.6562496875,92.777501275,216.878125625,235.0,123.74937797499999,136.98124906249998,121.1406234375,81.89962415,75.560750425
81.403124375,56.896875,58.6500017,59.13237563749999,92.5375009375,105.7999996875,124.5531246875,170.5937528125,107.457,131.19375250000002,83.176749575,85.39525,123.11562531250001,76.395875425,110.703125,110.6562496875,136.437501875,216.878125625,235.0,123.74937797499999,93.14724936249999,82.3756239375,81.89962415,75.560750425
81.403124375,56.896875,58.6500017,59.13237563749999,62.9255006375,105.7999996875,124.5531246875,170.5937528125,158.02499999999998,89.21175170000001,122.31874937500001,85.39525,83.7186252125,76.395875425,110.703125,75.24624978749999,92.777501275,216.878125625,159.79999999999998,181.984379375,93.14724936249999,82.3756239375,81.89962415,111.11875062499999
111.3281228125,76.60200085,111.781249375,116.018750625,81.364125,128.984375,160.4312515625,195.4999971875,116.26724978749999,84.59412436250001,66.4423752125,69.9000003125,40.4499996875,44.571875625,54.5168739375,73.750251275,141.36562375,135.7492514875,255.32812593750003,216.71250062500002,164.803125625,98.65737585,129.94687531250003,123.05000312499999
111.3281228125,76.60200085,76.011249575,78.89275042499999,81.364125,128.984375,160.4312515625,195.4999971875,116.26724978749999,84.59412436250001,66.4423752125,47.5320002125,27.5059997875,30.308875424999997,54.5168739375,108.45625187499999,96.12862415000001,199.63125218750002,255.32812593750003,147.364500425,164.803125625,145.08437625,88.3638752125,83.67400212499999
111.3281228125,76.60200085,76.011249575,78.89275042499999,119.65312499999999,128.984375,160.4312515625,195.4999971875,116.26724978749999,124.40312406250001,66.4423752125,47.5320002125,40.4499996875,30.308875424999997,80.17187343750001,108.45625187499999,141.36562375,199.63125218750002,255.32812593750003,147.364500425,112.066125425,98.65737585,88.3638752125,83.67400212499999
111.3281228125,76.60200085,76.011249575,78.89275042499999,81.364125,128.984375,160.4312515625,195.4999971875,170.9812496875,84.59412436250001,97.7093753125,47.5320002125,27.5059997875,30.308875424999997,80.17187343750001,73.750251275,96.12862415000001,199.63125218750002,173.6231256375,216.71250062500002,112.066125425,98.65737585,88.3638752125,123.05000312499999
161.2562490625,108.6491252125,156.65000187500002,155.918750625,108.97424999999998,165.02500062500002,244.7812459375,325.7249975,164.3538752125,128.15237499999998,93.85700170000001,97.871876875,53.115626875,41.2187496875,55.59000085,83.8503743625,172.10312375,207.633747875,388.581256875,308.65624906249997,216.98125343750002,129.3721243625,177.809374375,156.01249687499998
161.2562490625,108.6491252125,106.522001275,106.024750425,108.97424999999998,165.02500062500002,244.7812459375,325.7249975,164.3538752125,128.15237499999998,93.85700170000001,66.55287627499999,36.118626275,28.0287497875,55.59000085,123.30937406250001,117.03012415,305.343746875,388.581256875,209.8862493625,216.98125343750002,190.25312406249998,120.910374575,106.08849787499999
161.2562490625,108.6491252125,106.522001275,106.024750425,160.25624999999997,165.02500062500002,244.7812459375,325.7249975,164.3538752125,188.45937499999997,93.85700170000001,66.55287627499999,53.115626875,28.0287497875,81.75000125,123.30937406250001,172.10312375,305.343746875,388.581256875,209.8862493625,147.5472523375,129.3721243625,120.910374575,106.08849787499999
161.2562490625,108.6491252125,106.522001275,106.024750425,108.97424999999998,165.02500062500002,244.7812459375,325.7249975,241.69687531249997,128.15237499999998,138.02500250000003,66.55287627499999,36.118626275,28.0287497875,81.75000125,83.8503743625,117.03012415,305.343746875,264.23525467499996,308.65624906249997,147.5472523375,129.3721243625,120.910374575,156.01249687499998
145.6125021875,93.44262415,136.578125625,135.98125,94.4052502125,158.671875,192.99374812499997,219.4437459375,118.57074915,82.3905002125,61.2021239375,78.3499990625,76.921875625,77.26250031250001,54.910000212499995,76.1493756375,172.699995,153.3251213875,240.037503125,206.25625125,169.57187375,110.65512563749999,162.68124781250003,149.6281265625
145.6125021875,93.44262415,92.873125425,92.46724999999999,94.4052502125,158.671875,192.99374812499997,219.4437459375,118.57074915,82.3905002125,61.2021239375,53.2779993625,52.306875425,52.5385002125,54.910000212499995,111.9843759375,117.4359966,225.4781196875,240.037503125,140.25425084999998,169.57187375,162.7281259375,110.62324851250001,101.7471260625
145.6125021875,93.44262415,92.873125425,92.46724999999999,138.8312503125,158.671875,192.99374812499997,219.4437459375,118.57074915,121.16250031250001,61.2021239375,53.2779993625,76.921875625,52.5385002125,80.75000031249999,111.9843759375,172.699995,225.4781196875,240.037503125,140.25425084999998,115.30887415,110.65512563749999,110.62324851250001,101.7471260625
145.6125021875,93.44262415,92.873125425,92.46724999999999,94.4052502125,158.671875,192.99374812499997,219.4437459375,174.36874875,82.3905002125,90.0031234375,53.2779993625,52.306875425,52.5385002125,80.75000031249999,76.1493756375,117.4359966,225.4781196875,163.225502125,206.25625125,115.30887415,110.65512563749999,110.62324851250001,149.6281265625
130.15625,90.0999997875,135.65312375,136.9062521875,98.177125425,161.2499975,197.4499990625,221.721878125,117.5826269125,95.13200169999999,82.12062585000001,94.92812656249998,65.92499968749999,62.787499687499995,63.1379989375,90.5207506375,158.896875625,153.8351235125,286.9656228125,237.21874687499997,191.39687531250001,114.06787521249998,159.0625,157.5999996875
130.15625,90.0999997875,92.24412414999999,93.0962514875,98.177125425,161.2499975,197.4499990625,221.721878125,117.5826269125,95.13200169999999,82.12062585000001,64.55112606249999,44.828999787499995,42.6954997875,63.1379989375,133.1187509375,108.049875425,226.22812281249998,286.9656228125,161.308747875,191.39687531250001,167.74687531249998,108.1625,107.1679997875
130.15625,90.0999997875,92.24412414999999,93.0962514875,144.378125625,161.2499975,197.4499990625,221.721878125,117.5826269125,139.9000025,82.12062585000001,64.55112606249999,65.92499968749999,42.6954997875,92.8499984375,133.1187509375,158.896875625,226.22812281249998,286.9656228125,161.308747875,130.1498752125,114.06787521249998,108.1625,107.1679997875
130.15625,90.0999997875,92.24412414999999,93.0962514875,98.177125425,161.2499975,197.4499990625,221.721878125,172.91562781250002,95.13200169999999,120.76562625000001,64.55112606249999,44.828999787499995,42.6954997875,92.8499984375,90.5207506375,108.049875425,226.22812281249998,195.1366235125,237.21874687499997,130.1498752125,114.06787521249998,108.1625,157.5999996875
168.96250250000003,111.08224617500001,157.10000031250001,155.487499375,106.03537436250001,161.41874562499999,170.087499375,161.9468784375,95.9565010625,87.3566226625,67.24349893750001,85.46250125,83.9750025,79.206250625,50.390125,71.80587415,163.47187031250002,133.022872875,226.19062406250004,208.49375250000003,185.34062843750002,117.0152476625,167.8156278125,163.37812656250003
168.96250250000003,111.08224617500001,106.8280002125,105.731499575,106.03537436250001,161.41874562499999,170.087499375,161.9468784375,95.9565010625,87.3566226625,67.24349893750001,58.11450085,57.1030017,53.860250425,50.390125,105.59687374999999,111.1608718125,195.621871875,226.19062406250004,141.7757517,185.34062843750002,172.08124656249998,114.11462691249999,111.09712606250001
168.96250250000003,111.08224617500001,106.8280002125,105.731499575,155.9343740625,161.41874562499999,170.087499375,161.9468784375,95.9565010625,128.4656215625,67.24349893750001,58.11450085,83.9750025,53.860250425,74.103125,105.59687374999999,163.47187031250002,195.621871875,226.19062406250004,141.7757517,126.0316273375,117.0152476625,114.11462691249999,111.09712606250001
168.96250250000003,111.08224617500001,106.8280002125,105.731499575,106.03537436250001,161.41874562499999,170.087499375,161.9468784375,141.1125015625,87.3566226625,98.8874984375,58.11450085,57.1030017,53.860250425,74.103125,71.80587415,111.1608718125,195.621871875,153.80962436250002,208.49375250000003,126.0316273375,117.0152476625,114.11462691249999,163.37812656250003
167.05625062500002,112.85237351249998,164.0249990625,162.6593759375,109.96449596249998,162.0781278125,163.8937525,146.2374996875,92.2483767,77.077998725,53.339625212499996,33.534375,32.318749374999996,33.934375,26.3096247875,59.519124999999995,147.8250028125,124.3656230875,200.3249978125,192.56249874999997,173.4843753125,108.29424723749999,151.3312503125,141.9125009375
167.05625062500002,112.85237351249998,111.5369993625,110.60837563749999,109.96449596249998,162.0781278125,163.8937525,146.2374996875,92.2483767,77.077998725,53.339625212499996,22.803375,21.976749575,23.075375,26.3096247875,87.52812499999999,100.5210019125,182.8906221875,200.3249978125,130.94249914999997,173.4843753125,159.25624593749998,102.9052502125,96.5005006375
167.05625062500002,112.85237351249998,111.5369993625,110.60837563749999,161.71249406249999,162.0781278125,163.8937525,146.2374996875,92.2483767,113.349998125,53.339625212499996,22.803375,32.318749374999996,23.075375,38.690624687500005,87.52812499999999,147.8250028125,182.8906221875,200.3249978125,130.94249914999997,117.9693752125,108.29424723749999,102.9052502125,96.5005006375
167.05625062500002,112.85237351249998,111.5369993625,110.60837563749999,109.96449596249998,162.0781278125,163.8937525,146.2374996875,135.6593775,77.077998725,78.4406253125,22.803375,21.976749575,23.075375,38.690624687500005,59.519124999999995,100.5210019125,182.8906221875,136.2209985125,192.56249874999997,117.9693752125,108.29424723749999,102.9052502125,141.9125009375
142.559373125,92.84762330000001,136.3499996875,138.0500009375,98.89750042499999,171.19687562499996,204.86875062500002,239.4406275,138.169626275,107.99250085,85.93924957499999,102.10312625,87.11562406249999,86.1562465625,69.1645006375,96.0393743625,179.2968753125,158.964875,307.6437475,277.971878125,226.03124624999998,129.27437308749998,179.00312906250002,165.79062906250002
142.559373125,92.84762330000001,92.71799978749999,93.87400063749999,98.89750042499999,171.19687562499996,204.86875062500002,239.4406275,138.169626275,107.99250085,85.93924957499999,69.43012585,59.2386243625,58.5862476625,69.1645006375,141.2343740625,121.9218752125,233.77187500000002,307.6437475,189.020877125,226.03124624999998,190.10937218749999,121.72212776250001,112.73762776250001
142.559373125,92.84762330000001,92.71799978749999,93.87400063749999,145.43750062499998,171.19687562499996,204.86875062500002,239.4406275,138.169626275,158.81250125000003,85.93924957499999,69.43012585,87.11562406249999,58.5862476625,101.71250093750001,141.2343740625,179.2968753125,233.77187500000002,307.6437475,189.020877125,153.70124744999998,129.27437308749998,121.72212776250001,112.73762776250001
142.559373125,92.84762330000001,92.71799978749999,93.87400063749999,98.89750042499999,171.19687562499996,204.86875062500002,239.4406275,203.19062687500002,107.99250085,126.38124937499998,69.43012585,59.2386243625,58.5862476625,101.71250093750001,96.0393743625,121.9218752125,233.77187500000002,209.1977483,277.971878125,153.70124744999998,129.27437308749998,121.72212776250001,165.79062906250002
173.14687718750002,110.822996175,159.434375625,158.54687437500002,109.15912393749998,173.2062528125,209.98124625,226.55624875,147.23275,119.38887542500001,100.453000425,129.662499375,114.2218753125,121.212499375,91.039251275,103.209125425,180.41249718750004,152.094747875,272.6687478125,251.2875034375,196.8406246875,114.89237308749999,154.0000009375,122.64374968749999
173.14687718750002,110.822996175,108.415375425,107.811874575,109.15912393749998,173.2062528125,209.98124625,226.55624875,147.23275,119.38887542500001,100.453000425,88.17049957500001,77.6708752125,82.424499575,91.039251275,151.778125625,122.68049808750001,223.668746875,272.6687478125,170.8755023375,196.8406246875,168.95937218749998,104.7200006375,83.39774978749999
173.14687718750002,110.822996175,108.415375425,107.811874575,160.52812343749997,173.2062528125,209.98124625,226.55624875,147.23275,175.57187562500002,100.453000425,88.17049957500001,114.2218753125,82.424499575,133.881251875,151.778125625,180.41249718750004,223.668746875,272.6687478125,170.8755023375,133.8516247875,114.89237308749999,104.7200006375,83.39774978749999
173.14687718750002,110.822996175,108.415375425,107.811874575,109.15912393749998,173.2062528125,209.98124625,226.55624875,216.51875,119.38887542500001,147.725000625,88.17049957500001,77.6708752125,82.424499575,133.881251875,103.209125425,122.68049808750001,223.668746875,185.41474851249998,251.2875034375,133.8516247875,114.89237308749999,104.7200006375,122.64374968749999
104.903125625,60.165124999999996,81.75625,79.4218740625,41.9432493625,70.63437437500001,87.4968759375,99.7624996875,64.15162415,49.2468752125,30.338624574999997,40.06250031249999,38.987500625,36.5593746875,40.1115,61.144750425,116.93749875,95.3678752125,168.6750028125,186.5250015625,160.1687478125,98.3917506375,135.0156259375,124.4875025
104.903125625,60.165124999999996,55.59425,54.00687436249999,41.9432493625,70.63437437500001,87.4968759375,99.7624996875,64.15162415,49.2468752125,30.338624574999997,27.242500212499998,26.511500424999998,24.8603747875,40.1115,89.918750625,79.51749914999999,140.2468753125,168.6750028125,126.8370010625,160.1687478125,144.6937509375,91.8106256375,84.6515017
104.903125625,60.165124999999996,55.59425,54.00687436249999,61.6812490625,70.63437437500001,87.4968759375,99.7624996875,64.15162415,72.42187531249999,30.338624574999997,27.242500212499998,38.987500625,24.8603747875,58.9875,89.918750625,116.93749875,140.2468753125,168.6750028125,126.8370010625,108.9147485125,98.3917506375,91.8106256375,84.6515017
104.903125625,60.165124999999996,55.59425,54.00687436249999,41.9432493625,70.63437437500001,87.4968759375,99.7624996875,94.34062374999999,49.2468752125,44.615624374999996,27.242500212499998,26.511500424999998,24.8603747875,58.9875,61.144750425,79.51749914999999,140.2468753125,114.6990019125,186.5250015625,108.9147485125,98.3917506375,91.8106256375,124.4875025
99.8031234375,66.1661256375,101.3843775,94.453125,57.31762415000001,93.3406259375,110.61562531250001,114.4156240625,83.08325085,49.1278747875,21.8301247875,2.4,0.08125,-0.05,-0.034,2.9707500000000002,43.587500000000006,65.6518752125,110.63750125,89.0312490625,50.45312531249999,28.4473752125,23.874999999999996,14.0468746875
99.8031234375,66.1661256375,68.94137669999999,64.22812499999999,57.31762415000001,93.3406259375,110.61562531250001,114.4156240625,83.08325085,49.1278747875,21.8301247875,1.632,0.05525,-0.034,-0.034,4.36875,29.6395,96.54687531250002,110.63750125,60.5412493625,50.45312531249999,41.8343753125,16.235,9.551874787500001
99.8031234375,66.1661256375,68.94137669999999,64.22812499999999,84.29062375000001,93.3406259375,110.61562531250001,114.4156240625,83.08325085,72.2468746875,21.8301247875,1.632,0.08125,-0.034,-0.05,4.36875,43.587500000000006,96.54687531250002,110.63750125,60.5412493625,34.308125212499995,28.4473752125,16.235,9.551874787500001
99.8031234375,66.1661256375,68.94137669999999,64.22812499999999,57.31762415000001,93.3406259375,110.61562531250001,114.4156240625,122.18125125,49.1278747875,32.1031246875,1.632,0.05525,-0.034,-0.05,2.9707500000000002,29.6395,96.54687531250002,75.23350085,89.0312490625,34.308125212499995,28.4473752125,16.235,14.0468746875
7.86875,3.48925,3.609375,1.434375,1.24525,3.6343749999999995,10.571874999999999,24.90625,5.913874999999999,1.7021249999999999,1.36,2.0,1.990625,2.009375,2.2418750000000003,40.0094997875,125.20312531249999,113.44950276249999,200.1218703125,207.09687218749997,182.07187625,108.26875,154.1937515625,144.67812312499998
7.86875,3.48925,2.454375,0.975375,1.24525,3.6343749999999995,10.571874999999999,24.90625,5.913874999999999,1.7021249999999999,1.36,1.36,1.353625,1.366375,2.2418750000000003,58.8374996875,85.13812521249999,166.8375040625,200.1218703125,140.82587308749999,182.07187625,159.21875,104.8517510625,98.381123725
7.86875,3.48925,2.454375,0.975375,1.83125,3.6343749999999995,10.571874999999999,24.90625,5.913874999999999,2.503125,1.36,1.36,1.990625,1.366375,3.296875,58.8374996875,125.20312531249999,166.8375040625,200.1218703125,140.82587308749999,123.80887584999999,108.26875,104.8517510625,98.381123725
7.86875,3.48925,2.454375,0.975375,1.24525,3.6343749999999995,10.571874999999999,24.90625,8.696874999999999,1.7021249999999999,2.0,1.36,1.353625,1.366375,3.296875,40.0094997875,85.13812521249999,166.8375040625,136.0828718125,207.09687218749997,123.80887584999999,108.26875,104.8517510625,144.67812312499998
141.106250625,92.6606239375,129.9250009375,127.26875281250001,89.30312669999999,136.26250031249998,139.321873125,145.80937343750003,103.542748725,98.6701252125,91.3473739375,129.34687624999998,130.1812484375,129.22499937499998,89.78337542499999,97.0445,162.44062437499997,117.8078733,201.2968778125,212.20937687499998,187.75625250000002,116.78362329999999,168.97500031250001,159.98750187500002
141.106250625,92.6606239375,88.3490006375,86.54275191250001,89.30312669999999,136.26250031249998,139.321873125,145.80937343750003,103.542748725,98.6701252125,91.3473739375,87.95587584999998,88.5232489375,87.872999575,89.78337542499999,142.7125,110.45962457499999,173.2468725,201.2968778125,144.30237627499997,187.75625250000002,171.74062249999997,114.9030002125,108.791501275
141.106250625,92.6606239375,88.3490006375,86.54275191250001,131.3281275,136.26250031249998,139.321873125,145.80937343750003,103.542748725,145.1031253125,91.3473739375,87.95587584999998,130.1812484375,87.872999575,132.034375625,142.7125,162.44062437499997,173.2468725,201.2968778125,144.30237627499997,127.6742517,116.78362329999999,114.9030002125,108.791501275
141.106250625,92.6606239375,88.3490006375,86.54275191250001,89.30312669999999,136.26250031249998,139.321873125,145.80937343750003,152.268748125,98.6701252125,134.3343734375,87.95587584999998,88.5232489375,87.872999575,132.034375625,97.0445,110.45962457499999,173.2468725,136.8818769125,212.20937687499998,127.6742517,116.78362329999999,114.9030002125,159.98750187500002
171.6062521875,113.62375255,156.13750218750002,154.34999968749997,103.81050085,155.0937484375,155.434375,147.2125003125,92.6988739375,80.531123725,74.1922514875,90.24687406249998,66.2000003125,45.5687496875,31.745374574999996,53.479874575,106.859373125,99.20350085,159.9437525,155.8937503125,124.3906259375,72.016250425,95.0781271875,73.2906246875
171.6062521875,113.62375255,106.1735014875,104.95799978749999,103.81050085,155.0937484375,155.434375,147.2125003125,92.6988739375,80.531123725,74.1922514875,61.36787436249999,45.016000212499996,30.9867497875,31.745374574999996,78.646874375,72.664373725,145.88750125,159.9437525,106.0077502125,124.3906259375,105.90625062499998,64.65312648749999,49.8376247875
171.6062521875,113.62375255,106.1735014875,104.95799978749999,152.66250125,155.0937484375,155.434375,147.2125003125,92.6988739375,118.428123125,74.1922514875,61.36787436249999,66.2000003125,30.9867497875,46.684374375,78.646874375,106.859373125,145.88750125,159.9437525,106.0077502125,84.5856256375,72.016250425,64.65312648749999,49.8376247875
171.6062521875,113.62375255,106.1735014875,104.95799978749999,103.81050085,155.0937484375,155.434375,147.2125003125,136.3218734375,80.531123725,109.1062521875,61.36787436249999,45.016000212499996,30.9867497875,46.684374375,53.479874575,72.664373725,145.88750125,108.76175169999999,155.8937503125,84.5856256375,72.016250425,64.65312648749999,73.2906246875
37.58125,19.688125,21.671875,17.5874996875,16.4241252125,36.890625312500006,79.953123125,116.63437375,73.90324957499999,62.1307502125,36.0973747875,22.081249687499998,16.7875,20.871874999999996,35.49599915,54.77824914999999,132.7656221875,117.567748725,206.12499687499997,221.89687718750002,192.87499875000003,106.377502975,150.4312515625,124.706249375
37.58125,19.688125,14.736874999999998,11.9594997875,16.4241252125,36.890625312500006,79.953123125,116.63437375,73.90324957499999,62.1307502125,36.0973747875,15.0152497875,11.4155,14.192874999999997,35.49599915,80.55624875,90.2806230875,172.893748125,206.12499687499997,150.8898764875,192.87499875000003,156.437504375,102.29325106249999,84.800249575
37.58125,19.688125,14.736874999999998,11.9594997875,24.153125312500002,36.890625312500006,79.953123125,116.63437375,73.90324957499999,91.3687503125,36.0973747875,15.0152497875,16.7875,14.192874999999997,52.19999875,80.55624875,132.7656221875,172.893748125,206.12499687499997,150.8898764875,131.15499915,106.377502975,102.29325106249999,84.800249575
37.58125,19.688125,14.736874999999998,11.9594997875,16.4241252125,36.890625312500006,79.953123125,116.63437375,108.681249375,62.1307502125,53.0843746875,15.0152497875,11.4155,14.192874999999997,52.19999875,54.77824914999999,90.2806230875,172.893748125,140.16499787499998,221.89687718750002,131.15499915,106.377502975,102.29325106249999,124.706249375
142.0781253125,89.7451239375,133.0281259375,133.04062375,92.07199957499999,146.4375021875,182.4593734375,212.24687125,129.77587818749998,105.3447493625,89.70899745,121.387500625,111.28749812500001,112.84374937500002,75.1166243625,84.13087415,147.2656271875,136.2953716,233.03124906249997,195.4781221875,173.13437468750004,99.5541260625,137.2812509375,125.55312624999999
142.0781253125,89.7451239375,90.4591256375,90.46762415,92.07199957499999,146.4375021875,182.4593734375,212.24687125,129.77587818749998,105.3447493625,89.70899745,82.54350042499999,75.675498725,76.733749575,75.1166243625,123.72187374999999,100.1406264875,200.43437,233.03124906249997,132.9251230875,173.13437468750004,146.4031265625,93.3512506375,85.37612585
142.0781253125,89.7451239375,90.4591256375,90.46762415,135.399999375,146.4375021875,182.4593734375,212.24687125,129.77587818749998,154.9187490625,89.70899745,82.54350042499999,111.28749812500001,76.733749575,110.46562406250001,123.72187374999999,147.2656271875,200.43437,233.03124906249997,132.9251230875,117.73137478750002,99.5541260625,93.3512506375,85.37612585
142.0781253125,89.7451239375,90.4591256375,90.46762415,92.07199957499999,146.4375021875,182.4593734375,212.24687125,190.8468796875,105.3447493625,131.92499625,82.54350042499999,75.675498725,76.733749575,110.46562406250001,84.13087415,100.1406264875,200.43437,158.46124936249998,195.4781221875,117.73137478750002,99.5541260625,93.3512506375,125.55312624999999
112.231249375,73.70137563749999,107.08437437499998,108.56874937499998,75.4970014875,125.053126875,163.428120625,166.99062125,84.9404985125,53.5096256375,9.768624575,3.4562500000000003,3.10625,4.253125,3.0132499999999998,40.11574914999999,133.79375218750002,123.430624575,222.03125,212.75000093750003,185.61562531250001,112.244624575,154.69687468749999,141.69062593750002
112.231249375,73.70137563749999,72.81737457499999,73.826749575,75.4970014875,125.053126875,163.428120625,166.99062125,84.9404985125,53.5096256375,9.768624575,2.35025,2.1122500000000004,2.8921249999999996,3.0132499999999998,58.993748749999995,90.9797514875,181.51562437500002,222.03125,144.6700006375,185.61562531250001,165.06562437500003,105.1938747875,96.3496256375
112.231249375,73.70137563749999,72.81737457499999,73.826749575,111.02500218750001,125.053126875,163.428120625,166.99062125,84.9404985125,78.6906259375,9.768624575,2.35025,3.10625,2.8921249999999996,4.43125,58.993748749999995,133.79375218750002,181.51562437500002,222.03125,144.6700006375,126.2186252125,112.244624575,105.1938747875,96.3496256375
112.231249375,73.70137563749999,72.81737457499999,73.826749575,75.4970014875,125.053126875,163.428120625,166.99062125,124.91249781249999,53.5096256375,14.365624375000001,2.35025,2.1122500000000004,2.8921249999999996,4.43125,40.11574914999999,90.9797514875,181.51562437500002,150.98125,212.75000093750003,126.2186252125,112.244624575,105.1938747875,141.69062593750002
136.5312503125,95.72062584999999,142.4562503125,142.19687468749999,99.61362584999999,157.9843784375,193.29375,198.45312843750003,117.37650169999999,77.265001275,47.6403743625,27.65625,27.0656253125,21.743749375,38.086375425,73.053250425,150.43124875,129.3466273375,261.5843771875,267.978129375,204.209375625,126.67549915,174.43124781249998,165.29374843750003
136.5312503125,95.72062584999999,96.8702502125,96.6938747875,99.61362584999999,157.9843784375,193.29375,198.45312843750003,117.37650169999999,77.265001275,47.6403743625,18.80625,18.404625212499997,14.785749575,38.086375425,107.431250625,102.29324915,190.21562843750002,261.5843771875,182.225127975,204.209375625,186.28749875,118.6132485125,112.39974893750001
136.5312503125,95.72062584999999,96.8702502125,96.6938747875,146.49062625,157.9843784375,193.29375,198.45312843750003,117.37650169999999,113.62500187500001,47.6403743625,18.80625,27.0656253125,14.785749575,56.009375625000004,107.431250625,150.43124875,190.21562843750002,261.5843771875,182.225127975,138.862375425,126.67549915,118.6132485125,112.39974893750001
136.5312503125,95.72062584999999,96.8702502125,96.6938747875,99.61362584999999,157.9843784375,193.29375,198.45312843750003,172.6125025,77.265001275,70.0593740625,18.80625,18.404625212499997,14.785749575,56.009375625000004,73.053250425,102.29324915,190.21562843750002,177.87737648750002,267.978129375,138.862375425,126.67549915,118.6132485125,165.29374843750003
179.4531253125,117.2617485125,169.54687625000003,171.8375015625,118.06925212499999,193.14062624999997,240.4312515625,257.4906253125,140.16287245,112.42737500000001,85.6885010625,98.07812562500001,82.0062496875,82.006251875,74.2857489375,99.57537414999999,180.84062812500002,148.59699978749998,263.7562465625,265.393748125,225.04375437500002,138.59675339999998,189.78124624999998,185.08437656249998
179.4531253125,117.2617485125,115.29187585000001,116.8495010625,118.06925212499999,193.14062624999997,240.4312515625,257.4906253125,140.16287245,112.42737500000001,85.6885010625,66.693125425,55.7642497875,55.764251275,74.2857489375,146.43437375,122.971627125,218.52499968749999,263.7562465625,180.467748725,225.04375437500002,203.818755,129.05124745,125.8573760625
179.4531253125,117.2617485125,115.29187585000001,116.8495010625,173.631253125,193.14062624999997,240.4312515625,257.4906253125,140.16287245,165.33437500000002,85.6885010625,66.693125425,82.0062496875,55.764251275,109.2437484375,146.43437375,180.84062812500002,218.52499968749999,263.7562465625,180.467748725,153.029752975,138.59675339999998,129.05124745,125.8573760625
179.4531253125,117.2617485125,115.29187585000001,116.8495010625,118.06925212499999,193.14062624999997,240.4312515625,257.4906253125,206.12187125000003,112.42737500000001,126.0125015625,66.693125425,55.7642497875,55.764251275,109.2437484375,99.57537414999999,122.971627125,218.52499968749999,179.3542476625,265.393748125,153.029752975,138.59675339999998,129.05124745,185.08437656249998
