scenario,profit_eur
0,503867.1125149636
1,494079.8804898582
2,493047.68380997196
3,486286.2409448581
4,952889.8676360268
5,946816.3183548485
6,963754.5784803813
7,927616.713204476
8,986911.9583686832
9,978875.5367018653
10,979466.127800516
11,957469.964718193
12,1376307.3376825715
13,1368045.1273250878
14,1362806.5792049428
15,1334205.6330441467
16,1104351.3482823493
17,1095135.8410696166
18,1102699.1880371051
19,1077262.4770021462
20,1159162.3832500747
21,1150514.1537273265
22,1152633.0026214207
23,1126651.7240610565
24,1101231.3247095812
25,1089117.360932141
26,1092533.4419795903
27,1074127.2895249478
28,983714.1015564061
29,976459.1245665293
30,969625.7177324852
31,960312.9554999568
32,1275153.6572297923
33,1258924.942742481
34,1261983.5657010304
35,1233249.167634478
36,1284664.2049563872
37,1279676.381649339
38,1291145.5049157545
39,1253526.0707392506
40,732562.8652826002
41,716210.5989216943
42,717852.9619548537
43,707922.3034725247
44,452131.2211541289
45,457735.849155281
46,449089.0448547241
47,444482.5257471813
48,506439.97480647976
49,473959.8135000362
50,470432.3344209157
51,467948.74371347966
52,1113626.2933385167
53,1099278.849459671
54,1114788.9687365796
55,1086951.4236701592
56,880921.9844022135
57,884566.8909517876
58,882582.8138907247
59,865396.5639530215
60,710538.243651541
61,683457.1773706754
62,680695.2667909245
63,670546.1950670563
64,1116222.0361914579
65,1112076.5873795226
66,1121399.8600497777
67,1088965.1998911675
68,857004.720965154
69,838431.3250601026
70,825818.5566415456
71,823981.7074084298
72,1086134.607158138
73,1066447.4610970416
74,1059078.8822807563
75,1050530.0479132822
76,1334293.691118767
77,1320452.320316494
78,1322736.895786268
79,1301383.9250674176
80,548505.1696099318
81,536161.8967061772
82,534934.7132677103
83,526938.9283749147
84,1026896.8911942523
85,1016061.2146820651
86,1034455.3056960262
87,996106.3745556314
88,1072896.7417369
89,1059411.1779007367
90,1061010.1933209621
91,1036737.3739855494
92,1497884.8640531967
93,1482519.5419285246
94,1478703.203333005
95,1446733.7797693142
96,1204637.0734027876
97,1188656.6389567018
98,1197316.5338968802
99,1169386.8845713064
100,1259910.4541929653
101,1244554.133068576
102,1247839.0716688188
103,1219171.3763661506
104,1207154.1760871848
105,1187096.1581193467
106,1191570.8350547887
107,1170508.1784252073
108,1085767.8352645917
109,1070680.8041299502
110,1064724.1817916455
111,1052972.4567207512
112,1382658.9705791892
113,1359605.7802668032
114,1363865.8342975096
115,1332328.7916571593
116,1400752.6597639932
117,1387175.7496511196
118,1400623.850005426
119,1360087.4348100582
120,795520.4497739085
121,775705.6836727536
122,777161.5916101813
123,765874.8214489965
124,508918.27565961157
125,509748.9724808344
126,502059.9885520396
127,496301.0703121348
128,529688.8841330055
129,498776.95367316937
130,493537.52171731164
131,489867.958967555
132,1209210.179606119
133,1187773.9748759621
134,1204560.7541089356
135,1174504.6732262392
136,977508.4193507319
137,972909.0638797878
138,972469.9930095059
139,953180.597350152
140,752214.9551367918
141,725483.34837597
142,722334.0088936491
143,710790.9473184529
144,1214953.3411942392
145,1203645.4223932922
146,1214616.5692701754
147,1179774.0016468475
148,935400.9787305086
149,912589.5911928008
150,899790.3711562091
151,895881.4337475483
152,1185118.994887076
153,1159025.6363423592
154,1152020.4944200455
155,1141247.0934403243
156,1456177.1134826422
157,1433786.3962972257
158,1437315.618118348
159,1413303.4437971907
160,509108.0850868506
161,501051.96628618514
162,503365.94342718273
163,493329.6701264515
164,973472.3657826479
165,967668.2735471316
166,989816.486637276
167,949214.4333691953
168,1010281.0782285025
169,1002487.9879058036
170,1009307.4374256483
171,982125.4416048736
172,1412677.9013983584
173,1405271.2827721564
174,1408947.098817189
175,1373171.9649764444
176,1132035.7433738695
177,1123316.8248297418
178,1137670.493082932
179,1105961.9989449633
180,1185865.4337792976
181,1177601.198803917
182,1186994.0207717102
183,1154538.4899853058
184,1132174.1992429025
185,1119616.2852642029
186,1130543.6872476854
187,1104897.7109765904
188,1017064.0094020674
189,1008937.0686056147
190,1009531.1685131517
191,993492.9539470939
192,1301030.5982719657
193,1285529.2187175374
194,1296683.085886073
195,1261108.8387527652
196,1326474.0788388061
197,1318491.8157068104
198,1337805.3666698611
199,1294362.7126041742
200,737028.3322640199
201,722810.0860325154
202,729005.1557805764
203,714713.1927944475
204,487173.0801649417
205,489417.5453356745
206,484290.74107461167
207,477527.08999448176
208,475290.29714616266
209,451391.0295353009
210,451165.0178989103
211,444755.58488630026
212,1136480.1051824125
213,1121669.5632879185
214,1143989.7064160183
215,1109798.337624948
216,928031.6530775747
217,927096.1419372124
218,931467.0427812338
219,909737.2107176497
220,694836.3707234722
221,674317.3594238609
222,676270.26319149
223,662094.9920156689
224,1149755.8988159979
225,1143877.460288208
226,1160084.7092106787
227,1122086.7656233541
228,869187.8994032182
229,853564.9966638546
230,847443.6940297247
231,839456.7557894458
232,1106903.5038870433
233,1088705.5139832888
234,1088832.8581969019
235,1073395.767325586
236,1367962.762862463
237,1353658.6108086673
238,1364631.23919125
239,1335453.7853275626
240,541914.757077799
241,530556.6199260222
242,535192.6718939224
243,524078.6709465335
244,1038014.7707921381
245,1027806.9534403982
246,1056920.9377934078
247,1013855.1535825339
248,1075599.866789846
249,1063433.790655724
250,1075798.0435642567
251,1046564.6431776332
252,1502726.7998746606
253,1489731.69384338
254,1499802.2706230632
255,1461392.3011169787
256,1206832.4574712769
257,1192120.0401137602
258,1212648.3104432924
259,1178695.5579557933
260,1262851.683205886
261,1249099.062949344
262,1264950.4536544937
263,1230141.6110302184
264,1204473.991684657
265,1185317.3222031882
266,1202173.3135814006
267,1174565.1978244013
268,1079870.271492607
269,1066103.7329517044
270,1070875.8323812457
271,1053323.8348100027
272,1384945.4864182938
273,1363116.3137622112
274,1381527.1699066472
275,1343321.2516241297
276,1411272.6824814556
277,1397779.4627383673
278,1425688.3656929915
279,1379015.1023165514
280,786874.2183558634
281,768078.5315476857
282,778452.9415428892
283,762719.3564827209
284,512917.2589433938
285,514105.3244896825
286,509985.9853520191
287,502784.03202262346
288,509482.7373075841
289,480679.8953442577
290,482298.98226656497
291,474462.54291474837
292,1212005.3327416764
293,1190671.034302118
294,1221169.6389019717
295,1184745.2403952752
296,981957.6806126207
297,977433.9511097934
298,985925.3452431116
299,962561.3194026873
300,743231.9699027701
301,718166.1925792081
302,724225.6615516266
303,708559.390164722
304,1223903.7761763518
305,1212891.296603675
306,1236313.8772196379
307,1196030.5534654218
308,923673.1965093751
309,902670.3315856867
310,899006.8960510038
311,889758.6790113852
312,1177559.9624708258
313,1153325.7241052184
314,1158200.3640339966
315,1141213.1540084253
316,1456785.8366965638
317,1435538.9060596456
318,1454037.6122343414
319,1422777.6462357598
320,514758.654377017
321,504294.44980178087
322,506062.88633524335
323,497453.025275429
324,982834.726822833
325,974714.2742639601
326,996764.3931956193
327,959071.0580300075
328,1021243.786498016
329,1010566.2420728791
330,1017044.591353822
331,992490.7933497868
332,1428413.2948540817
333,1416944.314326555
334,1419996.0075446637
335,1387472.3247150443
336,1143769.747123684
337,1131507.9356528511
338,1145167.0252787173
339,1116850.0067894172
340,1198935.9850822124
341,1187105.3982101127
342,1195967.045542053
343,1167008.581573275
344,1142347.7981393212
345,1126400.530461694
346,1136403.7587066817
347,1114504.448612926
348,1025075.817293645
349,1013712.8777326944
350,1013211.8456147639
351,1000353.3431178101
352,1315306.091350641
353,1296179.5780998345
354,1306767.4809135308
355,1274792.1438038636
356,1336101.4179425985
357,1326060.2059751586
358,1345036.5487787626
359,1304996.6285208021
360,747621.4293703869
361,730339.585653638
362,736230.6916284605
363,723973.6947150466
364,485986.21584220836
365,488205.40282390604
366,482567.34579559555
367,476452.6594030395
368,488730.56121105526
369,459987.94085328426
370,459207.6928630654
371,454122.54259405285
372,1148442.733284024
373,1130755.3241818738
374,1152750.665272411
375,1122548.3116274688
376,930158.3132284686
377,928263.2019125114
378,931738.8670396177
379,912557.2107486299
380,710313.7703762141
381,685698.2531353598
382,687649.8838657562
383,675001.1260330556
384,1159910.5643195356
385,1151780.9980909368
386,1167620.7179140511
387,1133057.443715835
388,880241.064305036
389,860651.7151769865
390,853441.8057778012
391,847612.1626439104
392,1120199.1701164823
393,1098064.3072540546
394,1097299.5570025444
395,1084932.3647557832
396,1383047.6377362993
397,1364945.8327248734
398,1375228.7355033155
399,1350252.409371523
400,552013.2717582176
401,540009.191489703
402,541127.3022123695
403,530768.0713284942
404,1050179.2581822588
405,1038326.8367628718
406,1061783.447212106
407,1019473.1116035795
408,1088857.9052457972
409,1075837.1433200208
410,1082162.8428687397
411,1054012.6555737872
412,1520804.313674061
413,1506057.041449125
414,1508520.15843802
415,1471557.7649272955
416,1219955.9576536529
417,1204333.8218143163
418,1218438.1596817942
419,1185665.7436330128
420,1278740.7328268983
421,1263953.203507139
422,1272865.8200390993
423,1239248.9147559744
424,1218287.6891600266
425,1198589.686602233
426,1208818.3504396356
427,1182621.1659344002
428,1091120.5501086551
429,1077423.8562085067
430,1076404.770731262
431,1060268.4587048246
432,1404356.584098218
433,1381151.0763455792
434,1391696.3057030998
435,1354936.8883474534
436,1424161.5029227352
437,1410012.6561016268
438,1430183.981230352
439,1384789.5838381874
440,801650.6720488303
441,781941.5126291524
442,786959.158163928
443,772317.6728142125
444,511563.90467938245
445,513284.09697756695
446,507532.5476051811
447,500833.22669801745
448,534359.7318999358
449,503067.15471394395
450,499871.84665719164
451,493250.5397218113
452,1227425.7726871644
453,1205145.8657172674
454,1228218.0872461866
455,1193129.866417312
456,986879.8770367476
457,982672.4062694912
458,986771.5936174497
459,964440.3623724093
460,764890.2678603954
461,737548.7115402864
462,737716.7749005681
463,723386.9412216309
464,1235546.8564553014
465,1223779.7961808546
466,1240605.0879172154
467,1201308.3369221338
468,940461.207334161
469,918532.4841113032
470,909529.7733921428
471,901624.4442150785
472,1195517.2530820076
473,1170483.5890414945
474,1168590.955204812
475,1153187.8393781255
476,1473594.3083514087
477,1451699.1788542294
478,1461969.9648748478
479,1432361.1799382092
480,514022.6940466026
481,503335.8322293351
482,504430.13581861224
483,498024.38816292584
484,973154.1689237612
485,966100.7506517163
486,986750.9949695881
487,950784.7474500759
488,1014776.6995931321
489,1004417.6369445886
490,1009414.5326104374
491,987438.913958475
492,1419368.049162726
493,1408092.772256315
494,1409316.3760360177
495,1380364.4204433442
496,1137936.6890331656
497,1126265.2143898788
498,1138310.285001441
499,1112820.7338301959
500,1191898.0629966652
501,1180488.0779417527
502,1187725.4774493915
503,1161759.3541729054
504,1137126.407906666
505,1121743.952641579
506,1130229.3170436616
507,1111348.3556591196
508,1022082.2325067958
509,1010922.5625162566
510,1009065.9604856125
511,999091.3730052395
512,1307617.242425173
513,1288870.7994829947
514,1297725.0995897953
515,1269005.190458002
516,1324580.4946109504
517,1316080.1535858489
518,1333116.170039902
519,1295267.0946871024
520,746297.2196297157
521,728661.231908007
522,733534.1323546497
523,723990.255239974
524,482508.3495996294
525,485165.2241243565
526,479005.0491740366
527,473505.60518015316
528,492385.48988684115
529,461917.4402921045
530,460569.49090598576
531,459631.4246448367
532,1140345.2570930198
533,1123635.0312313978
534,1143942.3490435355
535,1115998.3798538712
536,923166.8732824796
537,922545.9980609227
538,924932.4415844221
539,906945.783706009
540,709178.5827453558
541,683410.8374821888
542,684283.8485409745
543,674760.9419303457
544,1149884.9983168936
545,1143027.60699738
546,1157306.3683925632
547,1124537.2818671092
548,880930.215383616
549,860508.3875383798
550,852309.8887062641
551,850211.8840690088
552,1118385.4094572684
553,1095562.9005712937
554,1093377.3398149298
555,1084671.7021022737
556,1376369.1985878972
557,1358749.3461674426
558,1367146.3028410408
559,1345348.8298882958
560,430268.02692466055
561,418215.83797267324
562,428684.0245196068
563,420754.4022813266
564,849574.3124972815
565,838878.9039438497
566,868549.7884480872
567,832975.2774308686
568,878557.2062599596
569,865947.9578005706
570,883179.3531851973
571,860398.1222790594
572,1231506.2230209422
573,1216779.456595935
574,1234530.9328761422
575,1204712.8459189313
576,993443.3184159466
577,978903.9310932998
578,1004057.1322788101
579,977426.8735212376
580,1035171.1890285619
581,1021156.7504343076
582,1042646.1058468877
583,1015787.53031558
584,992664.393890979
585,975525.7803674574
586,998572.9348076903
587,977655.9579342688
588,890710.0122119626
589,877898.654379035
590,890256.3993149525
591,878089.5591266938
592,1132424.592702014
593,1111745.4575428965
594,1137219.7481434303
595,1106841.4862434128
596,1166380.79973822
597,1154606.635990046
598,1185073.3952657273
599,1147018.0688300778
600,629781.3913585185
601,611330.9993491946
602,629019.1885314368
603,616884.7177782464
604,436175.6702684084
605,437613.0068543292
606,435401.4696396209
607,429609.99935360614
608,366422.2501960085
609,335824.0845377218
610,350307.1198749493
611,345722.53449845285
612,996011.2935307126
613,977511.7702294086
614,1011304.2779811965
615,981489.0694701542
616,826978.4145327252
617,824121.3563513932
618,835747.2307386436
619,817091.8416941301
620,575730.6642285647
621,549302.3493875016
622,564981.6127908975
623,552624.719826268
624,1013664.3723441109
625,1003511.0975217284
626,1029721.3033913602
627,996774.7628038749
628,746039.4595162884
629,724971.6189357841
630,732753.5956404472
631,727446.0889067131
632,959578.2034892099
633,936807.7121843674
634,951391.2269376314
635,939047.9126010588
636,1202578.9478611175
637,1183049.6271047571
638,1208625.5271383505
639,1184112.2832425362
640,517845.059027627
641,508799.51926233433
642,510106.4911702656
643,502360.1692110968
644,998598.404381797
645,989924.1583807757
646,1013951.0721890054
647,975929.0258707113
648,1028905.5126406942
649,1020428.2172438528
650,1027307.1587385385
651,1003701.2370559936
652,1438099.1820839182
653,1430177.5287729637
654,1433934.902157747
655,1402376.1852889939
656,1155603.7156896917
657,1144858.0102953855
658,1159186.0210033415
659,1131876.8133808612
660,1210104.2569382275
661,1200028.7362409392
662,1209526.701887302
663,1181737.0286688257
664,1152274.4683394907
665,1138009.1945242255
666,1148647.635967943
667,1127673.166964136
668,1028210.8759617376
669,1020310.0436695705
670,1019577.7287791058
671,1008137.0065048814
672,1329120.7985641984
673,1311568.6376361416
674,1323148.641936755
675,1291862.4428434982
676,1347783.6832500538
677,1339707.588257312
678,1360360.6548406188
679,1320139.4377730514
680,755058.0056988064
681,738786.8127900093
682,744748.4901880312
683,733107.9463480569
684,481187.50330676057
685,487250.8452251147
686,481648.7621852745
687,475735.6029073051
688,498492.18249576027
689,469356.42659236526
690,467569.3326197405
691,463514.3576117696
692,1164699.8079293305
693,1146605.3898329525
694,1170258.2454435811
695,1140152.4946748037
696,931869.4497439049
697,933044.4529355599
698,937225.3730500704
699,918138.4762656782
700,723015.2486034782
701,698492.9260529636
702,700565.1530288889
703,688267.7848121515
704,1173416.537859287
705,1166106.0857387497
706,1183585.796848982
707,1149182.7731394581
708,885250.5428720663
709,868551.862594798
710,860506.4201295874
711,856165.128348324
712,1125977.6898143962
713,1107111.2058224415
714,1105932.0418555555
715,1095113.5831699185
716,1395811.9572359412
717,1379891.5082718176
718,1390894.025171045
719,1367079.5280472129
720,547730.3811702819
721,538719.3526257661
722,535472.3003656112
723,526863.6730628147
724,1034736.3985893067
725,1027016.2987355965
726,1046199.458489445
727,1003856.6192415773
728,1060188.7805689252
729,1052408.90837168
730,1052394.400490331
731,1025565.7005484179
732,1472718.581199478
733,1465135.8705909406
734,1458557.7454576618
735,1423781.1462703152
736,1177352.6263749746
737,1168659.7615694827
738,1176024.3483677562
739,1144564.2604384553
740,1242968.8679507086
741,1234755.152972887
742,1236220.73186053
743,1204389.93833666
744,1174577.6329307505
745,1162637.4151572674
746,1165079.3335891766
747,1141530.3923583706
748,1040900.3358027434
749,1035730.3928519767
750,1026636.4264404039
751,1013377.6910548245
752,1371599.301419152
753,1354296.417938347
754,1356460.3349365073
755,1321718.0164204477
756,1375245.1067027762
757,1368940.479040038
758,1382057.7467282831
759,1337427.3525495888
760,796205.260337733
761,779918.1649605182
762,779264.2761112279
763,766775.7000963286
764,462343.1763786391
765,469205.3387938974
766,460232.0469983596
767,454167.8885836142
768,586039.6246925199
769,552986.8126985496
770,543789.938278099
771,540750.8682434146
772,1201914.9506835695
773,1185750.2654118068
774,1202289.2588737418
775,1168765.550822022
776,924358.3965337941
777,928422.6818050791
778,926530.2312226217
779,905731.0482065211
780,791459.7300543669
781,763406.8101364437
782,757515.3983161745
783,745210.4432756669
784,1192973.1224072047
785,1188098.1241101855
786,1198629.4847927156
787,1159736.067972363
788,915294.4810610574
789,898004.4137977413
790,880780.829329387
791,876366.875492176
792,1160735.3281787229
793,1141698.9072615125
794,1131019.151650522
795,1119246.6213582042
796,1420637.782758011
797,1406973.6525502284
798,1408203.6933778145
799,1381168.8913232014
800,515476.31537834404
801,507498.7918893067
802,509709.02877227135
803,500079.3148120319
804,990004.7543362002
805,984626.262482143
806,1008167.864471377
807,968224.0977728418
808,1024088.8539105001
809,1017510.9515316591
810,1025193.9607648052
811,998497.7896188142
812,1431317.5565877026
813,1425735.7070117258
814,1430159.4539403059
815,1394960.58947707
816,1146710.187642967
817,1139081.2231874182
818,1154225.602921686
819,1123317.2016180255
820,1202525.4146685682
821,1195519.2276204927
822,1205860.9011828834
823,1174220.945475976
824,1140756.0333014242
825,1129875.6531890612
826,1141385.419284326
827,1116749.4895439874
828,1020168.8871795256
829,1014431.4122505507
830,1015152.0840881546
831,999837.4243384373
832,1320800.656065954
833,1306272.1038028297
834,1318377.1834907504
835,1283623.5830120281
836,1338720.5431857319
837,1333518.2596821296
838,1354535.3872592705
839,1311443.739041268
840,748417.6426278253
841,734064.6894203828
842,740494.1015381549
843,726890.295427161
844,480219.56361936784
845,485790.8298608927
846,480706.1244527096
847,473748.52420450904
848,496913.41887320526
849,469187.26950211334
850,467982.8536916693
851,462408.9914590538
852,1151220.1274005892
853,1137263.935685786
854,1161041.2771135531
855,1127956.6710078479
856,923753.946041446
857,926749.1903987759
858,931649.9143638094
859,910139.4061664382
860,719559.8619010581
861,696290.1821602626
862,698310.3138989414
863,684736.6735291311
864,1162939.2953156075
865,1158921.8574245665
866,1176453.2353689494
867,1139173.1274506166
868,881616.6594834772
869,866190.73595574
870,859415.9192782873
871,852084.9181466205
872,1120852.5236723523
873,1103828.0000954673
874,1104116.9914685641
875,1089511.5889176126
876,1384792.673884259
877,1372347.289688926
878,1384361.6167320115
879,1356271.4622952505
880,548923.6200335097
881,536295.1584121652
882,537313.7866183894
883,527704.3403926832
884,1050578.375721288
885,1035964.6326544189
886,1060788.6653164574
887,1017682.3234458182
888,1081104.1788715692
889,1066355.412783984
890,1072766.269202095
891,1045089.3730930192
892,1510404.255858865
893,1493873.0070835198
894,1496474.7568136426
895,1459623.9940333944
896,1210351.1512127812
897,1192394.1889795116
898,1206922.263830516
899,1174771.5137986029
900,1270539.3282667333
901,1253169.2652764865
902,1262330.3456451762
903,1229547.2744111465
904,1208531.8593728696
905,1185918.4766877266
906,1196491.5997435576
907,1171399.014772518
908,1077336.3058810646
909,1061953.7570840847
910,1060483.2460689922
911,1045932.9351658917
912,1395844.4804001937
913,1369716.521017253
914,1380853.1825199877
915,1344483.5009774873
916,1413604.7633064114
917,1396288.185321265
918,1417284.8504326642
919,1371579.6683196789
920,797756.230763013
921,776315.7937339295
922,781788.0899220703
923,767905.6478214498
924,500589.1993256339
925,502518.6942145857
926,496253.6050095316
927,489209.3467143133
928,540590.6444996301
929,508685.9192132362
930,505857.1778171026
931,500524.2364466896
932,1222792.1272263285
933,1196484.2089205687
934,1220785.0982463208
935,1186129.8184116827
936,973699.756313134
937,967485.8515688082
938,971509.0028647692
939,949475.2382844863
940,766079.069102955
941,737935.0688800474
942,738714.0607847169
943,724673.3906339102
944,1228511.9455364263
945,1213653.5245847148
946,1231371.1783153233
947,1191852.1238518828
948,930387.2532552086
949,907676.504098444
950,898227.8398770476
951,891652.351095113
952,1183141.7080498424
953,1156306.521516868
954,1154100.423464416
955,1140138.0960621526
956,1460536.2807239755
957,1435326.2643691658
958,1445929.6605740245
959,1417478.5992401459
960,567010.1534737945
961,555459.7680829836
962,560144.7025000973
963,546554.7105559601
964,1088492.099138418
965,1077388.2549477562
966,1108789.9635510931
967,1059987.4389231137
968,1133031.9570537575
969,1120626.5509341862
970,1134990.8586818755
971,1099836.7826515501
972,1585264.790801484
973,1571268.481153928
974,1584369.144085673
975,1537831.6393440207
976,1271256.2544485875
977,1256228.5937185036
978,1279077.9697634738
979,1238686.9370844862
980,1331212.9628743809
981,1317206.152737047
982,1335508.303616051
983,1293560.6018744935
984,1267849.3611913654
985,1248420.0708738035
986,1267882.1476842375
987,1233448.6072236255
988,1138942.6851137616
989,1125204.3275941606
990,1132436.1169641004
991,1108619.3532386827
992,1458818.9884797847
993,1436659.6136618261
994,1457422.9171880982
995,1411708.949636124
996,1487022.3941545922
997,1473085.9053617432
998,1504434.1268757558
999,1449756.1093671182
1000,823854.7293772167
1001,805171.7040847493
1002,815663.1470271081
1003,796251.7411323087
1004,545726.7406439362
1005,546320.2309754372
1006,544207.2242709887
1007,534182.9399797183
1008,523805.6461048737
1009,494962.2637176947
1010,493945.9331455529
1011,484813.4085512836
1012,1271976.515889266
1013,1250504.8194754554
1014,1283579.027778281
1015,1240243.3368557184
1016,1039331.8001917099
1017,1034187.5835278574
1018,1045947.7355191082
1019,1016698.8466768418
1020,775496.8561490001
1021,750353.3287960456
1022,755518.2581239506
1023,736863.3280181251
1024,1289326.8180659972
1025,1277812.4078201863
1026,1304203.712978465
1027,1256957.9598431163
1028,974376.73858228
1029,953262.7067440264
1030,950231.4538367317
1031,936451.8585169533
1032,1242100.4342514935
1033,1217992.3388341623
1034,1224593.321640345
1035,1201334.1663238988
1036,1537411.7168155648
1037,1516153.7781378957
1038,1537628.0463127093
1039,1498294.5868839957
1040,573800.0400905196
1041,558327.1439168483
1042,559895.8615751303
1043,549673.0456881981
1044,1068730.520030153
1045,1054767.5435235985
1046,1076611.1974739793
1047,1035400.9149553837
1048,1119520.9804541694
1049,1100987.492555466
1050,1107172.6647253365
1051,1079157.773995252
1052,1564261.164535853
1053,1542442.5488711484
1054,1544603.7201068185
1055,1507808.482563901
1056,1253357.1191461287
1057,1232196.0600284177
1058,1245990.3757217198
1059,1213686.4411943478
1060,1312997.8773903348
1061,1292138.610808785
1062,1300540.513064488
1063,1267563.4830026873
1064,1255271.6202417216
1065,1229293.8130399003
1066,1238955.2745390837
1067,1213817.1695846345
1068,1131371.1968767277
1069,1110423.4324830957
1070,1109714.3757561995
1071,1093858.2148413034
1072,1439881.4644173975
1073,1410313.248197048
1074,1420070.763011551
1075,1384311.364329509
1076,1457730.1868969793
1077,1437816.0110947825
1078,1456614.1994445953
1079,1412145.5701544965
1080,828283.482735551
1081,803828.4288335408
1082,808763.6390910232
1083,795124.1173695795
1084,532026.6192040127
1085,530375.8470441198
1086,524775.7407102038
1087,517427.644446224
1088,557879.566000628
1089,522970.8639644589
1090,520887.5143801671
1091,515187.7891717568
1092,1254369.504001697
1093,1227339.6501560195
1094,1248734.6674157693
1095,1215524.996397785
1096,1017835.5932275396
1097,1008468.6641346312
1098,1011868.1970372248
1099,990035.5106614062
1100,786522.8634506674
1101,755359.6505811361
1102,755881.0476844169
1103,742105.2298623471
1104,1261974.8047038917
1105,1245960.4234575117
1106,1261308.0925038964
1107,1222933.9129053366
1108,976258.6199644699
1109,947885.7792830351
1110,939773.8592810021
1111,932112.5474807068
1112,1235593.505753749
1113,1202599.3989270125
1114,1200979.6480532973
1115,1186304.6426031003
1116,1513213.2386240498
1117,1483704.1160724587
1118,1493240.0756414502
1119,1464767.2872127704
1120,479338.20522068825
1121,471986.2937772303
1122,476905.07958914724
1123,469747.08405917836
1124,931485.0089583916
1125,927282.776253076
1126,951920.7718201851
1127,917796.191619151
1128,966701.810167592
1129,960813.2858615068
1130,971217.8743643747
1131,949690.6587453578
1132,1355489.8404622255
1133,1350562.8389302539
1134,1359016.523188842
1135,1330190.8508753525
1136,1091980.593647527
1137,1084444.7317059902
1138,1101760.6321357568
1139,1077276.7741598454
1140,1138690.7748116292
1141,1131719.2159352233
1142,1145313.0218833457
1143,1120052.9813779683
1144,1090370.499578509
1145,1079044.0774862585
1146,1093645.0669033444
1147,1074932.435966509
1148,979663.6416596253
1149,972556.1566895361
1150,976598.2211888885
1151,966303.2182641648
1152,1244506.2721949734
1153,1231628.5645184764
1154,1247918.657108799
1155,1219458.567740744
1156,1274369.324100685
1157,1269934.0144823967
1158,1293122.7912996672
1159,1256837.5061916327
1160,698173.0252650534
1161,685041.5648445155
1162,695446.1539841233
1163,684819.6681467034
1164,474694.04322754574
1165,479003.74473568826
1166,474518.662172967
1167,468864.9820840072
1168,422080.2391617235
1169,398769.0218268926
1170,403688.87366650125
1171,399850.71426904807
1172,1091353.3047230446
1173,1078180.4424948317
1174,1104592.1035682154
1175,1077524.3291335772
1176,900419.4860720437
1177,901590.6616088137
1178,908082.278044248
1179,890562.38640922
1180,644029.7706477516
1181,625104.9356730146
1182,632371.7684243137
1183,621378.8877610668
1184,1108922.2383811057
1185,1104818.3447032678
1186,1124612.2028977964
1187,1093647.4772472451
1188,828189.3431471975
1189,813776.2538677006
1190,812099.8682828727
1191,808086.0419907682
1192,1059037.7373248697
1193,1042943.5237837834
1194,1048017.003601637
1195,1037494.8236816088
1196,1320306.8682942146
1197,1307799.221610711
1198,1323852.8949275725
1199,1302120.3822084332
1200,554006.1597424776
1201,540362.6861567639
1202,540518.0192614846
1203,532783.4792383581
1204,1040825.9339190186
1205,1027825.0145956865
1206,1047958.2777780556
1207,1009834.715794856
1208,1084248.1779779065
1209,1068071.4060255708
1210,1071704.9665081066
1211,1047909.2529723155
1212,1515775.6231583413
1213,1496885.2595997443
1214,1495718.143058715
1215,1464447.1302950978
1216,1209985.1772099868
1217,1192398.7199440477
1218,1203515.8169858968
1219,1175394.5405700887
1220,1271404.9065067484
1221,1253537.2620515
1222,1259200.1753602242
1223,1230887.8700416833
1224,1209170.4422232274
1225,1187473.6176664617
1226,1194515.942554075
1227,1173670.0014407455
1228,1084881.9175057376
1229,1068778.6913054986
1230,1065235.5925513264
1231,1053694.3187163267
1232,1397005.621826894
1233,1370117.4187291304
1234,1376957.3902944997
1235,1346350.8767378947
1236,1411061.5213230848
1237,1394129.4249485189
1238,1410046.64561178
1239,1370540.0796265793
1240,801466.6439681929
1241,778902.875936489
1242,782169.6807672062
1243,771999.6741670666
1244,508377.4917614693
1245,508969.79661776905
1246,502041.1271766797
1247,496184.00320104585
1248,548817.789766668
1249,513955.51347797434
1250,510451.57447186473
1251,508501.355055605
1252,1214614.6401205473
1253,1190397.9332782533
1254,1209624.2637654308
1255,1180512.5889192326
1256,976538.8730138694
1257,970898.2392650838
1258,972208.6164690731
1259,953641.6314781539
1260,770514.4646527392
1261,739418.791141912
1262,737939.8549621229
1263,728172.7369434682
1264,1222027.6770221386
1265,1208651.8193568257
1266,1221724.7841613223
1267,1186992.1391422837
1268,942209.1774650598
1269,917009.651430336
1270,906430.9466486017
1271,902837.8018367214
1272,1193836.5917460884
1273,1164342.0013573014
1274,1159930.2190771287
1275,1150229.3342189982
1276,1461735.4595146198
1277,1436364.352679778
1278,1442798.8494763193
1279,1419544.4443002474
1280,569547.8165423111
1281,555952.6836899875
1282,554969.8212414073
1283,546352.5585274694
1284,1078444.1462127415
1285,1061759.797917455
1286,1084172.7257957535
1287,1042452.2052763472
1288,1113818.8212289105
1289,1097575.2777193254
1290,1100898.5747781314
1291,1075060.521104056
1292,1554012.0488070007
1293,1535469.406198428
1294,1533958.7339423837
1295,1499755.3658442576
1296,1251481.9064751547
1297,1231174.8122088718
1298,1242654.683440695
1299,1212157.4482084978
1300,1310567.2017282848
1301,1291037.8703719343
1302,1296819.0699143242
1303,1266039.1459099436
1304,1251714.3111398607
1305,1226691.969588858
1306,1234151.566040615
1307,1210541.7738981233
1308,1118294.3190831526
1309,1101028.7035618126
1310,1096694.1906607077
1311,1083471.0189684029
1312,1439865.953190572
1313,1411393.1644281582
1314,1418574.9372246484
1315,1384416.375550941
1316,1455154.3458617618
1317,1435803.167877715
1318,1453494.3748237486
1319,1409229.2812583968
1320,826083.8697978245
1321,803104.4771646297
1322,805299.0907325019
1323,793163.2616361663
1324,515977.61926582607
1325,517902.65878739615
1326,511004.7115066009
1327,504291.01635446167
1328,562141.8185582786
1329,528740.8360513368
1330,522043.6179116527
1331,519007.8790992055
1332,1262642.4480590103
1333,1233701.0058798566
1334,1254652.2103219163
1335,1221455.0474208393
1336,1005821.0310779755
1337,998449.9483319209
1338,1000928.5265873976
1339,979223.92758059
1340,790282.6809558704
1341,760719.953405211
1342,757289.5599994708
1343,745734.212521123
1344,1265143.1731586829
1345,1248225.582276306
1346,1263101.9293020354
1347,1224974.0359405968
1348,967209.4379196741
1349,942951.7139607485
1350,930114.1724278165
1351,925474.9566111319
1352,1226222.2967510591
1353,1197380.2108187564
1354,1191415.7181972922
1355,1179571.6298377512
1356,1510395.2764216196
1357,1482695.4467766895
1358,1489240.2745444044
1359,1462852.3194448962
1360,528768.426245163
1361,517817.48343159765
1362,520867.946264652
1363,511308.97161095834
1364,998129.4586931255
1365,991181.9261330373
1366,1014037.8784754248
1367,974127.3491771272
1368,1045367.0393784601
1369,1034565.7257181326
1370,1042617.5431843876
1371,1015518.5077085263
1372,1462094.0319681154
1373,1450574.5713672703
1374,1455462.6559137371
1375,1419699.7273879051
1376,1175456.34097328
1377,1162753.9648634093
1378,1178097.2037972547
1379,1147289.1219807456
1380,1227836.9804357341
1381,1215929.2233235466
1382,1226612.447911215
1383,1194717.1289266534
1384,1175387.0417726166
1385,1158535.531831996
1386,1170378.3725172812
1387,1146037.6247235602
1388,1060351.6842665176
1389,1047275.010196788
1390,1048797.4229847924
1391,1033487.0070278816
1392,1344652.2086608498
1393,1325539.3155418262
1394,1338040.321563351
1395,1303071.898767577
1396,1368110.130152721
1397,1358190.893447253
1398,1378844.9838739494
1399,1335363.1158519187
1400,765578.858584086
1401,747996.9073340085
1402,755209.2640517903
1403,741701.0713753863
1404,506818.45253392274
1405,507814.94159038406
1406,502823.5899758573
1407,495504.82788430067
1408,491156.9415633379
1409,462795.26674895664
1410,463510.14540841884
1411,458236.5468800331
1412,1172684.1051698634
1413,1155202.0855900138
1414,1178665.820534655
1415,1145763.0059237345
1416,960896.0371071238
1417,958261.8809461906
1418,963117.1815603452
1419,941241.4286909184
1420,716648.6444865069
1421,692578.7313478976
1422,695732.4204763655
1423,682079.5471695184
1424,1186139.4262079261
1425,1178232.1836380637
1426,1195414.295362081
1427,1158042.4809545055
1428,907791.2782872382
1429,886910.4297542686
1430,881637.5200565753
1431,874536.4372838488
1432,1152697.2864786764
1433,1129253.2798509302
1434,1130664.7574626738
1435,1115840.8121140692
1436,1420490.0293781557
1437,1401663.6561944745
1438,1414082.4217915162
1439,1385887.203988109
1440,374708.94272945507
1441,378696.36695746245
1442,380110.5172973968
1443,372258.46218831564
1444,724509.0643087275
1445,744056.5558270013
1446,756349.562520235
1447,722516.8285335063
1448,753436.1963663041
1449,768976.5157380181
1450,769411.8393857165
1451,746372.2213703869
1452,1053237.4663110077
1453,1076217.8065385565
1454,1071289.1419288004
1455,1041123.8218237814
1456,841971.3977762745
1457,861214.1445396193
1458,867024.7493891
1459,841901.4839302342
1460,884108.9335692828
1461,904491.425840779
1462,906050.7024683752
1463,879906.2326612396
1464,832966.8031806487
1465,852068.1388424521
1466,854555.779984506
1467,836489.5206873175
1468,746970.4491843014
1469,764967.0416026455
1470,759380.0196680746
1471,749013.6455431872
1472,969109.4014858208
1473,986436.159515515
1474,989351.0263807739
1475,959723.473631814
1476,979770.4195242792
1477,1008209.5143412303
1478,1015627.2647505115
1479,979422.9348235034
1480,543857.939008455
1481,549163.4605140018
1482,553278.1179580877
1483,541078.0607691833
1484,353596.1235261167
1485,366481.0395771093
1486,357520.4742741609
1487,351657.5335080715
1488,356032.1604648418
1489,341609.7678191572
1490,346137.85422859533
1491,340152.84940784366
1492,839694.7304585215
1493,859692.9975843533
1494,871671.7061137073
1495,844588.7004622081
1496,674152.7947858473
1497,700066.4116267599
1498,696058.713398183
1499,679573.0706195713
1500,525331.2179356373
1501,518054.2756195172
1502,520191.2354696613
1503,506232.0876211703
1504,852433.5384243403
1505,877393.1481670141
1506,883383.1865631705
1507,852352.764817669
1508,646395.8679973341
1509,649668.1998015635
1510,642344.7421464012
1511,637271.4597060407
1512,824339.117802687
1513,833088.3181111712
1514,828737.7177128337
1515,816064.0851054112
1516,1018079.228850661
1517,1039475.5778608166
1518,1041137.6828634652
1519,1018018.6154141353
1520,516834.19350225385
1521,503901.03910280176
1522,504226.93761937774
1523,498294.3452924058
1524,954172.677032103
1525,948343.1732034248
1526,964187.1874490638
1527,932156.3910120088
1528,1008243.7239166882
1529,995111.8617299913
1530,997439.3645135425
1531,977341.2598683315
1532,1410158.66402436
1533,1395052.2317511975
1534,1392520.348015145
1535,1365893.6640090062
1536,1127199.463430876
1537,1113438.039204605
1538,1122145.0093606762
1539,1099519.4515003613
1540,1182101.5782015147
1541,1167975.794854551
1542,1171702.0813021339
1543,1148530.4022092158
1544,1128434.674901011
1545,1110993.1018346697
1546,1115831.8417481976
1547,1100166.9033805132
1548,1021137.9316202364
1549,1006011.7025889492
1550,1002071.3996879003
1551,993823.4503710471
1552,1294949.246050757
1553,1274072.7913191821
1554,1278566.3723390666
1555,1253288.473122673
1556,1304744.375069651
1557,1295792.8657041166
1558,1307670.8575729993
1559,1273876.345333861
1560,745378.1989264843
1561,725278.227805952
1562,728003.4434078903
1563,720413.3925295746
1564,480524.1867199277
1565,481545.5058905696
1566,474672.2723404067
1567,469116.43553133187
1568,503617.57916112884
1569,469632.62279023277
1570,467867.14747644495
1571,467263.91885395744
1572,1122714.4715426774
1573,1106235.6000484084
1574,1121277.309754807
1575,1098163.6610206473
1576,913185.1222567165
1577,911271.8917320333
1578,910696.8856036973
1579,894935.8577506925
1580,710669.0093188251
1581,681979.9323234814
1582,680854.6355291426
1583,672711.8341361552
1584,1131184.5479250192
1585,1124401.6554091764
1586,1133844.244882234
1587,1105036.552982448
1588,885435.3640485663
1589,860465.315134888
1590,851194.6053546076
1591,849822.4436907852
1592,1118172.3741826827
1593,1090640.6875048163
1594,1086250.9835927999
1595,1079289.1851245698
1596,1363900.1735239937
1597,1343328.3485572075
1598,1347468.3683083344
1599,1329376.0413559633
